,country,date,cases
42291,China,1/1/21,102649
42292,China,1/1/22,128132
42293,China,1/1/23,4612203
42294,China,1/10/21,103754
42295,China,1/10/22,130213
42296,China,1/10/23,4818146
42297,China,1/11/21,103895
42298,China,1/11/22,130497
42299,China,1/11/23,4827425
42300,China,1/12/21,104146
42301,China,1/12/22,130737
42302,China,1/12/23,4836767
42303,China,1/13/21,104322
42304,China,1/13/22,130977
42305,China,1/13/23,4845027
42306,China,1/14/21,104563
42307,China,1/14/22,131184
42308,China,1/14/23,4852776
42309,China,1/15/21,104777
42310,China,1/15/22,131327
42311,China,1/15/23,4859037
42312,China,1/16/21,104995
42313,China,1/16/22,131601
42314,China,1/16/23,4863690
42315,China,1/17/21,105246
42316,China,1/17/22,131796
42317,China,1/17/23,4867556
42318,China,1/18/21,105525
42319,China,1/18/22,131928
42320,China,1/18/23,4871355
42321,China,1/19/21,105715
42322,China,1/19/22,132043
42323,China,1/19/23,4875374
42324,China,1/2/21,102731
42325,China,1/2/22,128259
42326,China,1/2/23,4637347
42327,China,1/20/21,105955
42328,China,1/20/22,132148
42329,China,1/20/23,4879169
42330,China,1/21/21,106193
42331,China,1/21/22,132264
42332,China,1/21/23,4882683
42333,China,1/22/20,548
42334,China,1/22/21,106453
42335,China,1/22/22,132383
42336,China,1/22/23,4885426
42337,China,1/23/20,643
42338,China,1/23/21,106683
42339,China,1/23/22,132597
42340,China,1/23/23,4887702
42341,China,1/24/20,920
42342,China,1/24/21,106954
42343,China,1/24/22,132772
42344,China,1/24/23,4889691
42345,China,1/25/20,1406
42346,China,1/25/21,107069
42347,China,1/25/22,132978
42348,China,1/25/23,4891987
42349,China,1/26/20,2075
42350,China,1/26/21,107230
42351,China,1/26/22,133209
42352,China,1/26/23,4894391
42353,China,1/27/20,2877
42354,China,1/27/21,107402
42355,China,1/27/22,133484
42356,China,1/27/23,4896727
42357,China,1/28/20,5509
42358,China,1/28/21,107510
42359,China,1/28/22,133709
42360,China,1/28/23,4900210
42361,China,1/29/20,6087
42362,China,1/29/21,107642
42363,China,1/29/22,133939
42364,China,1/29/23,4903495
42365,China,1/3/21,102808
42366,China,1/3/22,128596
42367,China,1/3/23,4661332
42368,China,1/30/20,8141
42369,China,1/30/21,107771
42370,China,1/30/22,134139
42371,China,1/30/23,4903496
42372,China,1/31/20,9802
42373,China,1/31/21,107827
42374,China,1/31/22,134345
42375,China,1/31/23,4903497
42376,China,1/4/21,102930
42377,China,1/4/22,128771
42378,China,1/4/23,4687167
42379,China,1/5/21,103026
42380,China,1/5/22,129064
42381,China,1/5/23,4715239
42382,China,1/6/21,103170
42383,China,1/6/22,129280
42384,China,1/6/23,4745734
42385,China,1/7/21,103331
42386,China,1/7/22,129491
42387,China,1/7/23,4768765
42388,China,1/8/21,103461
42389,China,1/8/22,129738
42390,China,1/8/23,4797126
42391,China,1/9/21,103626
42392,China,1/9/22,129959
42393,China,1/9/23,4808767
42394,China,10/1/20,95568
42395,China,10/1/21,119790
42396,China,10/1/22,2762150
42397,China,10/10/20,95979
42398,China,10/10/21,120169
42399,China,10/10/22,2811879
42400,China,10/11/20,96034
42401,China,10/11/21,120195
42402,China,10/11/22,2820009
42403,China,10/12/20,96083
42404,China,10/12/21,120234
42405,China,10/12/22,2825166
42406,China,10/13/20,96124
42407,China,10/13/21,120278
42408,China,10/13/22,2832279
42409,China,10/14/20,96146
42410,China,10/14/21,120304
42411,China,10/14/22,2838844
42412,China,10/15/20,96203
42413,China,10/15/21,120349
42414,China,10/15/22,2845461
42415,China,10/16/20,96231
42416,China,10/16/21,120389
42417,China,10/16/22,2852031
42418,China,10/17/20,96271
42419,China,10/17/21,120426
42420,China,10/17/22,2858293
42421,China,10/18/20,96322
42422,China,10/18/21,120460
42423,China,10/18/22,2864168
42424,China,10/19/20,96389
42425,China,10/19/21,120507
42426,China,10/19/22,2870228
42427,China,10/2/20,95617
42428,China,10/2/21,119832
42429,China,10/2/22,2766475
42430,China,10/20/20,96427
42431,China,10/20/21,120550
42432,China,10/20/22,2876602
42433,China,10/21/20,96461
42434,China,10/21/21,120629
42435,China,10/21/22,2882971
42436,China,10/22/20,96514
42437,China,10/22/21,120701
42438,China,10/22/22,2889897
42439,China,10/23/20,96557
42440,China,10/23/21,120765
42441,China,10/23/22,2896422
42442,China,10/24/20,96602
42443,China,10/24/21,120817
42444,China,10/24/22,2902917
42445,China,10/25/20,96643
42446,China,10/25/21,120872
42447,China,10/25/22,2909352
42448,China,10/26/20,96826
42449,China,10/26/21,120954
42450,China,10/26/22,2916167
42451,China,10/27/20,96921
42452,China,10/27/21,121015
42453,China,10/27/22,2923470
42454,China,10/28/20,96984
42455,China,10/28/21,121102
42456,China,10/28/22,2930381
42457,China,10/29/20,97004
42458,China,10/29/21,121200
42459,China,10/29/22,2937389
42460,China,10/3/20,95648
42461,China,10/3/21,119872
42462,China,10/3/22,2770859
42463,China,10/30/20,97097
42464,China,10/30/21,121292
42465,China,10/30/22,2944653
42466,China,10/31/20,97153
42467,China,10/31/21,121396
42468,China,10/31/22,2952291
42469,China,10/4/20,95694
42470,China,10/4/21,119916
42471,China,10/4/22,2775058
42472,China,10/5/20,95744
42473,China,10/5/21,119965
42474,China,10/5/22,2779780
42475,China,10/6/20,95789
42476,China,10/6/21,120007
42477,China,10/6/22,2785437
42478,China,10/7/20,95829
42479,China,10/7/21,120048
42480,China,10/7/22,2791596
42481,China,10/8/20,95875
42482,China,10/8/21,120081
42483,China,10/8/22,2799588
42484,China,10/9/20,95913
42485,China,10/9/21,120102
42486,China,10/9/22,2804912
42487,China,11/1/20,97250
42488,China,11/1/21,121477
42489,China,11/1/22,2959481
42490,China,11/10/20,97902
42491,China,11/10/21,122445
42492,China,11/10/22,3053673
42493,China,11/11/20,97948
42494,China,11/11/21,122563
42495,China,11/11/22,3070130
42496,China,11/12/20,97980
42497,China,11/12/21,122658
42498,China,11/12/22,3100114
42499,China,11/13/20,98018
42500,China,11/13/21,122750
42501,China,11/13/22,3108324
42502,China,11/14/20,98045
42503,China,11/14/21,122826
42504,China,11/14/22,3129859
42505,China,11/15/20,98069
42506,China,11/15/21,122855
42507,China,11/15/22,3153405
42508,China,11/16/20,98104
42509,China,11/16/21,122895
42510,China,11/16/22,3200035
42511,China,11/17/20,98126
42512,China,11/17/21,122946
42513,China,11/17/22,3210359
42514,China,11/18/20,98150
42515,China,11/18/21,122994
42516,China,11/18/22,3242270
42517,China,11/19/20,98185
42518,China,11/19/21,123041
42519,China,11/19/22,3295792
42520,China,11/2/20,97333
42521,China,11/2/21,121593
42522,China,11/2/22,2967572
42523,China,11/20/20,98240
42524,China,11/20/21,123076
42525,China,11/20/22,3329533
42526,China,11/21/20,98318
42527,China,11/21/21,123123
42528,China,11/21/22,3364415
42529,China,11/22/20,98407
42530,China,11/22/21,123169
42531,China,11/22/22,3373507
42532,China,11/23/20,98511
42533,China,11/23/21,123212
42534,China,11/23/22,3437108
42535,China,11/24/20,98598
42536,China,11/24/21,123252
42537,China,11/24/22,3449676
42538,China,11/25/20,98709
42539,China,11/25/21,123293
42540,China,11/25/22,3490482
42541,China,11/26/20,98796
42542,China,11/26/21,123339
42543,China,11/26/22,3533755
42544,China,11/27/20,98902
42545,China,11/27/21,123376
42546,China,11/27/22,3580291
42547,China,11/28/20,99000
42548,China,11/28/21,123441
42549,China,11/28/22,3627131
42550,China,11/29/20,99142
42551,China,11/29/21,123501
42552,China,11/29/22,3705990
42553,China,11/3/20,97411
42554,China,11/3/21,121714
42555,China,11/3/22,2976228
42556,China,11/30/20,99245
42557,China,11/30/21,123638
42558,China,11/30/22,3719252
42559,China,11/4/20,97565
42560,China,11/4/21,121827
42561,China,11/4/22,2984649
42562,China,11/5/20,97622
42563,China,11/5/21,121925
42564,China,11/5/22,2997306
42565,China,11/6/20,97684
42566,China,11/6/21,122022
42567,China,11/6/22,3002843
42568,China,11/7/20,97740
42569,China,11/7/21,122141
42570,China,11/7/22,3013968
42571,China,11/8/20,97816
42572,China,11/8/21,122228
42573,China,11/8/22,3026615
42574,China,11/9/20,97852
42575,China,11/9/21,122345
42576,China,11/9/22,3046538
42577,China,12/1/20,99336
42578,China,12/1/21,123725
42579,China,12/1/22,3764783
42580,China,12/10/20,100405
42581,China,12/10/21,124673
42582,China,12/10/22,4097741
42583,China,12/11/20,100509
42584,China,12/11/21,124751
42585,China,12/11/22,4123336
42586,China,12/12/20,100617
42587,China,12/12/21,124856
42588,China,12/12/22,4146984
42589,China,12/13/20,100737
42590,China,12/13/21,124925
42591,China,12/13/22,4167941
42592,China,12/14/20,100844
42593,China,12/14/21,125012
42594,China,12/14/22,4182811
42595,China,12/15/20,100959
42596,China,12/15/21,125112
42597,China,12/15/22,4199891
42598,China,12/16/20,101056
42599,China,12/16/21,125216
42600,China,12/16/22,4215617
42601,China,12/17/20,101170
42602,China,12/17/21,125363
42603,China,12/17/22,4221819
42604,China,12/18/20,101267
42605,China,12/18/21,125475
42606,China,12/18/22,4239659
42607,China,12/19/20,101415
42608,China,12/19/21,125623
42609,China,12/19/22,4275828
42610,China,12/2/20,99458
42611,China,12/2/21,123839
42612,China,12/2/22,3837220
42613,China,12/20/20,101521
42614,China,12/20/21,125695
42615,China,12/20/22,4290905
42616,China,12/21/20,101635
42617,China,12/21/21,125835
42618,China,12/21/22,4313898
42619,China,12/22/20,101728
42620,China,12/22/21,125958
42621,China,12/22/22,4337428
42622,China,12/23/20,101811
42623,China,12/23/21,126065
42624,China,12/23/22,4361840
42625,China,12/24/20,101909
42626,China,12/24/21,126233
42627,China,12/24/22,4386235
42628,China,12/25/20,102002
42629,China,12/25/21,126319
42630,China,12/25/22,4410207
42631,China,12/26/20,102102
42632,China,12/26/21,126559
42633,China,12/26/22,4434075
42634,China,12/27/20,102207
42635,China,12/27/21,126937
42636,China,12/27/22,4458006
42637,China,12/28/20,102311
42638,China,12/28/21,127161
42639,China,12/28/22,4484059
42640,China,12/29/20,102389
42641,China,12/29/21,127390
42642,China,12/29/22,4514557
42643,China,12/3/20,99570
42644,China,12/3/21,123956
42645,China,12/3/22,3851748
42646,China,12/30/20,102481
42647,China,12/30/21,127623
42648,China,12/30/22,4549736
42649,China,12/31/20,102571
42650,China,12/31/21,127896
42651,China,12/31/22,4584205
42652,China,12/4/20,99709
42653,China,12/4/21,124034
42654,China,12/4/22,3892221
42655,China,12/5/20,99839
42656,China,12/5/21,124123
42657,China,12/5/22,3931982
42658,China,12/6/20,99945
42659,China,12/6/21,124262
42660,China,12/6/22,3967054
42661,China,12/7/20,100043
42662,China,12/7/21,124346
42663,China,12/7/22,4004311
42664,China,12/8/20,100159
42665,China,12/8/21,124447
42666,China,12/8/22,4039789
42667,China,12/9/20,100275
42668,China,12/9/21,124549
42669,China,12/9/22,4070575
42670,China,2/1/20,11891
42671,China,2/1/21,107902
42672,China,2/1/22,134564
42673,China,2/1/23,4903498
42674,China,2/10/20,42354
42675,China,2/10/21,108365
42676,China,2/10/22,139968
42677,China,2/10/23,4903516
42678,China,2/11/20,44386
42679,China,2/11/21,108414
42680,China,2/11/22,141448
42681,China,2/11/23,4903517
42682,China,2/12/20,44759
42683,China,2/12/21,108450
42684,China,2/12/22,143060
42685,China,2/12/23,4903517
42686,China,2/13/20,59895
42687,China,2/13/21,108482
42688,China,2/13/22,144519
42689,China,2/13/23,4903517
42690,China,2/14/20,66358
42691,China,2/14/21,108519
42692,China,2/14/22,146700
42693,China,2/14/23,4903517
42694,China,2/15/20,68413
42695,China,2/15/21,108551
42696,China,2/15/22,148461
42697,China,2/15/23,4903520
42698,China,2/16/20,70513
42699,China,2/16/21,108575
42700,China,2/16/22,152856
42701,China,2/16/23,4903520
42702,China,2/17/20,72434
42703,China,2/17/21,108607
42704,China,2/17/22,159083
42705,China,2/17/23,4903520
42706,China,2/18/20,74211
42707,China,2/18/21,108645
42708,China,2/18/22,162889
42709,China,2/18/23,4903521
42710,China,2/19/20,74619
42711,China,2/19/21,108674
42712,China,2/19/22,169170
42713,China,2/19/23,4903521
42714,China,2/2/20,16630
42715,China,2/2/21,107961
42716,China,2/2/22,134745
42717,China,2/2/23,4903503
42718,China,2/20/20,75077
42719,China,2/20/21,108707
42720,China,2/20/22,175417
42721,China,2/20/23,4903521
42722,China,2/21/20,75550
42723,China,2/21/21,108743
42724,China,2/21/22,183114
42725,China,2/21/23,4903523
42726,China,2/22/20,77001
42727,China,2/22/21,108775
42728,China,2/22/22,189565
42729,China,2/22/23,4903523
42730,China,2/23/20,77022
42731,China,2/23/21,108807
42732,China,2/23/22,198478
42733,China,2/23/23,4903523
42734,China,2/24/20,77241
42735,China,2/24/21,108839
42736,China,2/24/22,207599
42737,China,2/24/23,4903523
42738,China,2/25/20,77754
42739,China,2/25/21,108866
42740,China,2/25/22,217932
42741,China,2/25/23,4903524
42742,China,2/26/20,78166
42743,China,2/26/21,108906
42744,China,2/26/22,292792
42745,China,2/26/23,4903524
42746,China,2/27/20,78600
42747,China,2/27/21,108950
42748,China,2/27/22,344032
42749,China,2/27/23,4903524
42750,China,2/28/20,78928
42751,China,2/28/21,108997
42752,China,2/28/22,400569
42753,China,2/28/23,4903524
42754,China,2/29/20,79356
42755,China,2/3/20,19716
42756,China,2/3/21,108012
42757,China,2/3/22,135008
42758,China,2/3/23,4903505
42759,China,2/4/20,23707
42760,China,2/4/21,108060
42761,China,2/4/22,135216
42762,China,2/4/23,4903507
42763,China,2/5/20,27440
42764,China,2/5/21,108135
42765,China,2/5/22,135663
42766,China,2/5/23,4903507
42767,China,2/6/20,30587
42768,China,2/6/21,108174
42769,China,2/6/22,136115
42770,China,2/6/23,4903509
42771,China,2/7/20,34110
42772,China,2/7/21,108226
42773,China,2/7/22,136880
42774,China,2/7/23,4903513
42775,China,2/8/20,36814
42776,China,2/8/21,108288
42777,China,2/8/22,137648
42778,China,2/8/23,4903515
42779,China,2/9/20,39829
42780,China,2/9/21,108342
42781,China,2/9/22,138855
42782,China,2/9/23,4903516
42783,China,3/1/20,79932
42784,China,3/1/21,109034
42785,China,3/1/22,456582
42786,China,3/1/23,4903524
42787,China,3/10/20,80887
42788,China,3/10/21,109350
42789,China,3/10/22,932696
42790,China,3/11/20,80921
42791,China,3/11/21,109390
42792,China,3/11/22,963302
42793,China,3/12/20,80932
42794,China,3/12/21,109464
42795,China,3/12/22,992569
42796,China,3/13/20,80945
42797,China,3/13/21,109538
42798,China,3/13/22,1028437
42799,China,3/14/20,80977
42800,China,3/14/21,109577
42801,China,3/14/22,1057573
42802,China,3/15/20,81003
42803,China,3/15/21,109628
42804,China,3/15/22,1090400
42805,China,3/16/20,81033
42806,China,3/16/21,109655
42807,China,3/16/22,1123895
42808,China,3/17/20,81058
42809,China,3/17/21,109686
42810,China,3/17/22,1147435
42811,China,3/18/20,81102
42812,China,3/18/21,109713
42813,China,3/18/22,1171570
42814,China,3/19/20,81156
42815,China,3/19/21,109735
42816,China,3/19/22,1193563
42817,China,3/2/20,80136
42818,China,3/2/21,109061
42819,China,3/2/22,533295
42820,China,3/2/23,4903524
42821,China,3/20/20,81250
42822,China,3/20/21,109762
42823,China,3/20/22,1210422
42824,China,3/21/20,81305
42825,China,3/21/21,109781
42826,China,3/21/22,1228883
42827,China,3/22/20,81435
42828,China,3/22/21,109815
42829,China,3/22/22,1249958
42830,China,3/23/20,81493
42831,China,3/23/21,109850
42832,China,3/23/22,1266606
42833,China,3/24/20,81587
42834,China,3/24/21,109878
42835,China,3/24/22,1283788
42836,China,3/25/20,81658
42837,China,3/25/21,109906
42838,China,3/25/22,1299036
42839,China,3/26/20,81781
42840,China,3/26/21,109960
42841,China,3/26/22,1313471
42842,China,3/27/20,81872
42843,China,3/27/21,110001
42844,China,3/27/22,1327092
42845,China,3/28/20,81964
42846,China,3/28/21,110029
42847,China,3/28/22,1340972
42848,China,3/29/20,82058
42849,China,3/29/21,110060
42850,China,3/29/22,1355883
42851,China,3/3/20,80261
42852,China,3/3/21,109101
42853,China,3/3/22,610697
42854,China,3/3/23,4903524
42855,China,3/30/20,82139
42856,China,3/30/21,110081
42857,China,3/30/22,1371807
42858,China,3/31/20,83786
42859,China,3/31/21,110109
42860,China,3/31/22,1385495
42861,China,3/4/20,80386
42862,China,3/4/21,109131
42863,China,3/4/22,683791
42864,China,3/4/23,4903524
42865,China,3/5/20,80537
42866,China,3/5/21,109162
42867,China,3/5/22,751844
42868,China,3/5/23,4903524
42869,China,3/6/20,80690
42870,China,3/6/21,109207
42871,China,3/6/22,792163
42872,China,3/6/23,4903524
42873,China,3/7/20,80770
42874,China,3/7/21,109248
42875,China,3/7/22,829306
42876,China,3/7/23,4903524
42877,China,3/8/20,80823
42878,China,3/8/21,109280
42879,China,3/8/22,868818
42880,China,3/8/23,4903524
42881,China,3/9/20,80860
42882,China,3/9/21,109315
42883,China,3/9/22,899945
42884,China,3/9/23,4903524
42885,China,4/1/20,84002
42886,China,4/1/21,110169
42887,China,4/1/22,1400358
42888,China,4/10/20,85115
42889,China,4/10/21,110536
42890,China,4/10/22,1597094
42891,China,4/11/20,85208
42892,China,4/11/21,110587
42893,China,4/11/22,1626085
42894,China,4/12/20,85377
42895,China,4/12/21,110619
42896,China,4/12/22,1652078
42897,China,4/13/20,85489
42898,China,4/13/21,110658
42899,China,4/13/22,1682737
42900,China,4/14/20,85569
42901,China,4/14/21,110683
42902,China,4/14/22,1713300
42903,China,4/15/20,85668
42904,China,4/15/21,110715
42905,China,4/15/22,1738527
42906,China,4/16/20,85774
42907,China,4/16/21,110778
42908,China,4/16/22,1762757
42909,China,4/17/20,86187
42910,China,4/17/21,110829
42911,China,4/17/22,1787635
42912,China,4/18/20,86258
42913,China,4/18/21,110881
42914,China,4/18/22,1811382
42915,China,4/19/20,86321
42916,China,4/19/21,110916
42917,China,4/19/22,1832597
42918,China,4/2/20,84129
42919,China,4/2/21,110235
42920,China,4/2/22,1414142
42921,China,4/20/20,86382
42922,China,4/20/21,110952
42923,China,4/20/22,1849430
42924,China,4/21/20,86452
42925,China,4/21/21,110966
42926,China,4/21/22,1869000
42927,China,4/22/20,86508
42928,China,4/22/21,111014
42929,China,4/22/22,1888027
42930,China,4/23/20,86548
42931,China,4/23/21,111053
42932,China,4/23/22,1911669
42933,China,4/24/20,86594
42934,China,4/24/21,111079
42935,China,4/24/22,1933414
42936,China,4/25/20,86632
42937,China,4/25/21,111110
42938,China,4/25/22,1953258
42939,China,4/26/20,86661
42940,China,4/26/21,111142
42941,China,4/26/22,1970377
42942,China,4/27/20,86692
42943,China,4/27/21,111172
42944,China,4/27/22,1983788
42945,China,4/28/20,86754
42946,China,4/28/21,111211
42947,China,4/28/22,1994593
42948,China,4/29/20,86783
42949,China,4/29/21,111252
42950,China,4/29/22,2005524
42951,China,4/3/20,84265
42952,China,4/3/21,110273
42953,China,4/3/22,1430893
42954,China,4/30/20,86828
42955,China,4/30/21,111290
42956,China,4/30/22,2015624
42957,China,4/4/20,84363
42958,China,4/4/21,110327
42959,China,4/4/22,1446956
42960,China,4/5/20,84467
42961,China,4/5/21,110382
42962,China,4/5/22,1466859
42963,China,4/6/20,84611
42964,China,4/6/21,110405
42965,China,4/6/22,1490014
42966,China,4/7/20,84692
42967,China,4/7/21,110442
42968,China,4/7/22,1515913
42969,China,4/8/20,84909
42970,China,4/8/21,110474
42971,China,4/8/22,1541981
42972,China,4/9/20,85024
42973,China,4/9/21,110513
42974,China,4/9/22,1569185
42975,China,5/1/20,86850
42976,China,5/1/21,111325
42977,China,5/1/22,2024284
42978,China,5/10/20,86973
42979,China,5/10/21,111558
42980,China,5/10/22,2070480
42981,China,5/11/20,86980
42982,China,5/11/21,111596
42983,China,5/11/22,2072376
42984,China,5/12/20,87002
42985,China,5/12/21,111614
42986,China,5/12/22,2074583
42987,China,5/13/20,87016
42988,China,5/13/21,111637
42989,China,5/13/22,2077182
42990,China,5/14/20,87032
42991,China,5/14/21,111674
42992,China,5/14/22,2079353
42993,China,5/15/20,87052
42994,China,5/15/21,111720
42995,China,5/15/22,2081192
42996,China,5/16/20,87070
42997,China,5/16/21,111766
42998,China,5/16/22,2082624
42999,China,5/17/20,87092
43000,China,5/17/21,111803
43001,China,5/17/22,2084058
43002,China,5/18/20,87119
43003,China,5/18/21,111832
43004,China,5/18/22,2085584
43005,China,5/19/20,87135
43006,China,5/19/21,111857
43007,China,5/19/22,2086877
43008,China,5/2/20,86858
43009,China,5/2/21,111354
43010,China,5/2/22,2031342
43011,China,5/20/20,87151
43012,China,5/20/21,111897
43013,China,5/20/22,2088229
43014,China,5/21/20,87190
43015,China,5/21/21,111933
43016,China,5/21/22,2089569
43017,China,5/22/20,87235
43018,China,5/22/21,111975
43019,China,5/22/22,2090677
43020,China,5/23/20,87266
43021,China,5/23/21,112014
43022,China,5/23/22,2091649
43023,China,5/24/20,87313
43024,China,5/24/21,112051
43025,China,5/24/22,2092491
43026,China,5/25/20,87360
43027,China,5/25/21,112082
43028,China,5/25/22,2093305
43029,China,5/26/20,87390
43030,China,5/26/21,112113
43031,China,5/26/22,2094030
43032,China,5/27/20,87421
43033,China,5/27/21,112141
43034,China,5/27/22,2094679
43035,China,5/28/20,87444
43036,China,5/28/21,112183
43037,China,5/28/22,2095275
43038,China,5/29/20,87466
43039,China,5/29/21,112207
43040,China,5/29/22,2095730
43041,China,5/3/20,86842
43042,China,5/3/21,111385
43043,China,5/3/22,2037518
43044,China,5/30/20,87475
43045,China,5/30/21,112256
43046,China,5/30/22,2096200
43047,China,5/31/20,87496
43048,China,5/31/21,112286
43049,China,5/31/22,2096684
43050,China,5/4/20,86838
43051,China,5/4/21,111411
43052,China,5/4/22,2043178
43053,China,5/5/20,86855
43054,China,5/5/21,111431
43055,China,5/5/22,2048423
43056,China,5/6/20,86877
43057,China,5/6/21,111451
43058,China,5/6/22,2053250
43059,China,5/7/20,86888
43060,China,5/7/21,111478
43061,China,5/7/22,2057995
43062,China,5/8/20,86905
43063,China,5/8/21,111501
43064,China,5/8/22,2062668
43065,China,5/9/20,86934
43066,China,5/9/21,111522
43067,China,5/9/22,2066938
43068,China,6/1/20,87520
43069,China,6/1/21,112329
43070,China,6/1/22,2097282
43071,China,6/10/20,87626
43072,China,6/10/21,112702
43073,China,6/10/22,2103227
43074,China,6/11/20,87636
43075,China,6/11/21,112758
43076,China,6/11/22,2104341
43077,China,6/12/20,87648
43078,China,6/12/21,112820
43079,China,6/12/22,2105331
43080,China,6/13/20,87713
43081,China,6/13/21,112854
43082,China,6/13/22,2106288
43083,China,6/14/20,87769
43084,China,6/14/21,112896
43085,China,6/14/22,2107342
43086,China,6/15/20,87830
43087,China,6/15/21,112943
43088,China,6/15/22,2108598
43089,China,6/16/20,87880
43090,China,6/16/21,112997
43091,China,6/16/22,2109935
43092,China,6/17/20,87921
43093,China,6/17/21,113040
43094,China,6/17/22,2111214
43095,China,6/18/20,87965
43096,China,6/18/21,113094
43097,China,6/18/22,2112692
43098,China,6/19/20,87971
43099,China,6/19/21,113157
43100,China,6/19/22,2114127
43101,China,6/2/20,87535
43102,China,6/2/21,112368
43103,China,6/2/22,2097925
43104,China,6/20/20,88034
43105,China,6/20/21,113186
43106,China,6/20/22,2115561
43107,China,6/21/20,88057
43108,China,6/21/21,113229
43109,China,6/21/22,2116897
43110,China,6/22/20,88115
43111,China,6/22/21,113278
43112,China,6/22/22,2118491
43113,China,6/23/20,88150
43114,China,6/23/21,113305
43115,China,6/23/22,2120269
43116,China,6/24/20,88172
43117,China,6/24/21,113347
43118,China,6/24/22,2122283
43119,China,6/25/20,88201
43120,China,6/25/21,113394
43121,China,6/25/22,2124209
43122,China,6/26/20,88229
43123,China,6/26/21,113431
43124,China,6/26/22,2126233
43125,China,6/27/20,88258
43126,China,6/27/21,113478
43127,China,6/27/22,2128225
43128,China,6/28/20,88277
43129,China,6/28/21,113519
43130,China,6/28/22,2130033
43131,China,6/29/20,88305
43132,China,6/29/21,113555
43133,China,6/29/22,2132190
43134,China,6/3/20,87538
43135,China,6/3/21,112407
43136,China,6/3/22,2098595
43137,China,6/30/20,88311
43138,China,6/30/21,113577
43139,China,6/30/22,2134718
43140,China,6/4/20,87553
43141,China,6/4/21,112450
43142,China,6/4/22,2099041
43143,China,6/5/20,87561
43144,China,6/5/21,112503
43145,China,6/5/22,2099865
43146,China,6/6/20,87572
43147,China,6/6/21,112539
43148,China,6/6/22,2100607
43149,China,6/7/20,87581
43150,China,6/7/21,112597
43151,China,6/7/22,2101049
43152,China,6/8/20,87587
43153,China,6/8/21,112620
43154,China,6/8/22,2101560
43155,China,6/9/20,87610
43156,China,6/9/21,112653
43157,China,6/9/22,2102379
43158,China,7/1/20,88344
43159,China,7/1/21,113614
43160,China,7/1/22,2137169
43161,China,7/10/20,88612
43162,China,7/10/21,114006
43163,China,7/10/22,2164305
43164,China,7/11/20,88657
43165,China,7/11/21,114074
43166,China,7/11/22,2167619
43167,China,7/12/20,88708
43168,China,7/12/21,114112
43169,China,7/12/22,2170811
43170,China,7/13/20,88766
43171,China,7/13/21,114156
43172,China,7/13/22,2174317
43173,China,7/14/20,88828
43174,China,7/14/21,114193
43175,China,7/14/22,2178366
43176,China,7/15/20,88852
43177,China,7/15/21,114236
43178,China,7/15/22,2182488
43179,China,7/16/20,88935
43180,China,7/16/21,114286
43181,China,7/16/22,2186813
43182,China,7/17/20,89015
43183,China,7/17/21,114330
43184,China,7/17/22,2190992
43185,China,7/18/20,89109
43186,China,7/18/21,114386
43187,China,7/18/22,2195056
43188,China,7/19/20,89280
43189,China,7/19/21,114464
43190,China,7/19/22,2198945
43191,China,7/2/20,88360
43192,China,7/2/21,113667
43193,China,7/2/22,2139919
43194,China,7/20/20,89376
43195,China,7/20/21,114489
43196,China,7/20/22,2203789
43197,China,7/21/20,89454
43198,China,7/21/21,114589
43199,China,7/21/22,2209013
43200,China,7/22/20,89614
43201,China,7/22/21,114648
43202,China,7/22/22,2214254
43203,China,7/23/20,89768
43204,China,7/23/21,114711
43205,China,7/23/22,2219264
43206,China,7/24/20,89957
43207,China,7/24/21,114763
43208,China,7/24/22,2224482
43209,China,7/25/20,90192
43210,China,7/25/21,114853
43211,China,7/25/22,2229362
43212,China,7/26/20,90432
43213,China,7/26/21,114935
43214,China,7/26/22,2234541
43215,China,7/27/20,90658
43216,China,7/27/21,115032
43217,China,7/27/22,2240160
43218,China,7/28/20,90875
43219,China,7/28/21,115090
43220,China,7/28/22,2245156
43221,China,7/29/20,91074
43222,China,7/29/21,115170
43223,China,7/29/22,2250565
43224,China,7/3/20,88372
43225,China,7/3/21,113694
43226,China,7/3/22,2142216
43227,China,7/30/20,91359
43228,China,7/30/21,115248
43229,China,7/30/22,2255689
43230,China,7/31/20,91500
43231,China,7/31/21,115341
43232,China,7/31/22,2260777
43233,China,7/4/20,88395
43234,China,7/4/21,113735
43235,China,7/4/22,2144566
43236,China,7/5/20,88415
43237,China,7/5/21,113771
43238,China,7/5/22,2147330
43239,China,7/6/20,88444
43240,China,7/6/21,113854
43241,China,7/6/22,2150503
43242,China,7/7/20,88485
43243,China,7/7/21,113910
43244,China,7/7/22,2153986
43245,China,7/8/20,88524
43246,China,7/8/21,113943
43247,China,7/8/22,2157433
43248,China,7/9/20,88571
43249,China,7/9/21,113992
43250,China,7/9/22,2160884
43251,China,8/1/20,91690
43252,China,8/1/21,115473
43253,China,8/1/22,2265424
43254,China,8/10/20,92919
43255,China,8/10/21,116710
43256,China,8/10/22,2311307
43257,China,8/11/20,92986
43258,China,8/11/21,116803
43259,China,8/11/22,2316346
43260,China,8/12/20,93091
43261,China,8/12/21,116944
43262,China,8/12/22,2322331
43263,China,8/13/20,93210
43264,China,8/13/21,117016
43265,China,8/13/22,2330459
43266,China,8/14/20,93308
43267,China,8/14/21,117083
43268,China,8/14/22,2339195
43269,China,8/15/20,93392
43270,China,8/15/21,117160
43271,China,8/15/22,2345333
43272,China,8/16/20,93503
43273,China,8/16/21,117216
43274,China,8/16/22,2354676
43275,China,8/17/20,93605
43276,China,8/17/21,117263
43277,China,8/17/22,2363469
43278,China,8/18/20,93675
43279,China,8/18/21,117329
43280,China,8/18/22,2372972
43281,China,8/19/20,93720
43282,China,8/19/21,117391
43283,China,8/19/22,2382169
43284,China,8/2/20,91864
43285,China,8/2/21,115619
43286,China,8/2/22,2270011
43287,China,8/20/20,93782
43288,China,8/20/21,117441
43289,China,8/20/22,2390686
43290,China,8/21/20,93851
43291,China,8/21/21,117493
43292,China,8/21/22,2397571
43293,China,8/22/20,93922
43294,China,8/22/21,117538
43295,China,8/22/22,2407635
43296,China,8/23/20,93978
43297,China,8/23/21,117591
43298,China,8/23/22,2416140
43299,China,8/24/20,94027
43300,China,8/24/21,117622
43301,China,8/24/22,2425558
43302,China,8/25/20,94077
43303,China,8/25/21,117661
43304,China,8/25/22,2435598
43305,China,8/26/20,94118
43306,China,8/26/21,117711
43307,China,8/26/22,2443816
43308,China,8/27/20,94166
43309,China,8/27/21,117768
43310,China,8/27/22,2452580
43311,China,8/28/20,94202
43312,China,8/28/21,117813
43313,China,8/28/22,2466054
43314,China,8/29/20,94236
43315,China,8/29/21,117859
43316,China,8/29/22,2476316
43317,China,8/3/20,91983
43318,China,8/3/21,115760
43319,China,8/3/22,2274979
43320,China,8/30/20,94272
43321,China,8/30/21,117919
43322,China,8/30/22,2486863
43323,China,8/31/20,94310
43324,China,8/31/21,117950
43325,China,8/31/22,2498088
43326,China,8/4/20,92109
43327,China,8/4/21,115854
43328,China,8/4/22,2280418
43329,China,8/5/20,92255
43330,China,8/5/21,116037
43331,China,8/5/22,2285355
43332,China,8/6/20,92406
43333,China,8/6/21,116198
43334,China,8/6/22,2290634
43335,China,8/7/20,92540
43336,China,8/7/21,116327
43337,China,8/7/22,2295769
43338,China,8/8/20,92646
43339,China,8/8/21,116460
43340,China,8/8/22,2300466
43341,China,8/9/20,92778
43342,China,8/9/21,116601
43343,China,8/9/22,2304661
43344,China,9/1/20,94363
43345,China,9/1/21,117991
43346,China,9/1/22,2510703
43347,China,9/10/20,94683
43348,China,9/10/21,118371
43349,China,9/10/22,2616674
43350,China,9/11/20,94722
43351,China,9/11/21,118437
43352,China,9/11/22,2626983
43353,China,9/12/20,94752
43354,China,9/12/21,118528
43355,China,9/12/22,2635990
43356,China,9/13/20,94851
43357,China,9/13/21,118646
43358,China,9/13/22,2644191
43359,China,9/14/20,94911
43360,China,9/14/21,118724
43361,China,9/14/22,2652714
43362,China,9/15/20,94934
43363,China,9/15/21,118808
43364,China,9/15/22,2661940
43365,China,9/16/20,94966
43366,China,9/16/21,118892
43367,China,9/16/22,2671881
43368,China,9/17/20,95021
43369,China,9/17/21,118958
43370,China,9/17/22,2680816
43371,China,9/18/20,95056
43372,China,9/18/21,119038
43373,China,9/18/22,2689291
43374,China,9/19/20,95103
43375,China,9/19/21,119101
43376,China,9/19/22,2696527
43377,China,9/2/20,94402
43378,China,9/2/21,118037
43379,China,9/2/22,2522721
43380,China,9/20/20,95159
43381,China,9/20/21,119188
43382,China,9/20/22,2702866
43383,China,9/21/20,95196
43384,China,9/21/21,119239
43385,China,9/21/22,2709291
43386,China,9/22/20,95229
43387,China,9/22/21,119290
43388,China,9/22/22,2716077
43389,China,9/23/20,95254
43390,China,9/23/21,119360
43391,China,9/23/22,2722353
43392,China,9/24/20,95289
43393,China,9/24/21,119418
43394,China,9/24/22,2728374
43395,China,9/25/20,95323
43396,China,9/25/21,119471
43397,China,9/25/22,2733103
43398,China,9/26/20,95368
43399,China,9/26/21,119526
43400,China,9/26/22,2737936
43401,China,9/27/20,95416
43402,China,9/27/21,119578
43403,China,9/27/22,2742421
43404,China,9/28/20,95452
43405,China,9/28/21,119624
43406,China,9/28/22,2747530
43407,China,9/29/20,95499
43408,China,9/29/21,119670
43409,China,9/29/22,2752556
43410,China,9/3/20,94445
43411,China,9/3/21,118082
43412,China,9/3/22,2533531
43413,China,9/30/20,95536
43414,China,9/30/21,119726
43415,China,9/30/22,2757442
43416,China,9/4/20,94491
43417,China,9/4/21,118126
43418,China,9/4/22,2547297
43419,China,9/5/20,94516
43420,China,9/5/21,118172
43421,China,9/5/22,2558905
43422,China,9/6/20,94565
43423,China,9/6/21,118223
43424,China,9/6/22,2569910
43425,China,9/7/20,94601
43426,China,9/7/21,118255
43427,China,9/7/22,2581660
43428,China,9/8/20,94621
43429,China,9/8/21,118296
43430,China,9/8/22,2594190
43431,China,9/9/20,94641
43432,China,9/9/21,118321
43433,China,9/9/22,2605616
100584,Japan,1/1/21,239005
100585,Japan,1/1/22,1733835
100586,Japan,1/1/23,29321601
100587,Japan,1/10/21,289144
100588,Japan,1/10/22,1772969
100589,Japan,1/10/23,30670001
100590,Japan,1/11/21,294050
100591,Japan,1/11/22,1779343
100592,Japan,1/11/23,30868874
100593,Japan,1/12/21,298647
100594,Japan,1/12/22,1792578
100595,Japan,1/12/23,31054346
100596,Japan,1/13/21,304564
100597,Japan,1/13/22,1811255
100598,Japan,1/13/23,31198423
100599,Japan,1/14/21,311220
100600,Japan,1/14/22,1833475
100601,Japan,1/14/23,31330494
100602,Japan,1/15/21,318393
100603,Japan,1/15/22,1859208
100604,Japan,1/15/23,31438775
100605,Japan,1/16/21,325435
100606,Japan,1/16/22,1884687
100607,Japan,1/16/23,31493153
100608,Japan,1/17/21,331195
100609,Japan,1/17/22,1905685
100610,Japan,1/17/23,31619952
100611,Japan,1/18/21,336132
100612,Japan,1/18/22,1938027
100613,Japan,1/18/23,31745060
100614,Japan,1/19/21,341467
100615,Japan,1/19/22,1979505
100616,Japan,1/19/23,31841452
100617,Japan,1/2/21,242076
100618,Japan,1/2/22,1734463
100619,Japan,1/2/23,29397865
100620,Japan,1/20/21,347029
100621,Japan,1/20/22,2025683
100622,Japan,1/20/23,31924066
100623,Japan,1/21/21,352693
100624,Japan,1/21/22,2075528
100625,Japan,1/21/23,32003020
100626,Japan,1/22/20,2
100627,Japan,1/22/21,357750
100628,Japan,1/22/22,2129939
100629,Japan,1/22/23,32067470
100630,Japan,1/23/20,2
100631,Japan,1/23/21,362476
100632,Japan,1/23/22,2179922
100633,Japan,1/23/23,32100041
100634,Japan,1/24/20,2
100635,Japan,1/24/21,366466
100636,Japan,1/24/22,2224761
100637,Japan,1/24/23,32193842
100638,Japan,1/25/20,2
100639,Japan,1/25/21,369229
100640,Japan,1/25/22,2287375
100641,Japan,1/25/23,32273196
100642,Japan,1/26/20,4
100643,Japan,1/26/21,373082
100644,Japan,1/26/22,2358972
100645,Japan,1/26/23,32333081
100646,Japan,1/27/20,4
100647,Japan,1/27/21,377056
100648,Japan,1/27/22,2437984
100649,Japan,1/27/23,32386992
100650,Japan,1/28/20,7
100651,Japan,1/28/21,381187
100652,Japan,1/28/22,2519772
100653,Japan,1/28/23,32441774
100654,Japan,1/29/20,7
100655,Japan,1/29/21,384725
100656,Japan,1/29/22,2604661
100657,Japan,1/29/23,32486503
100658,Japan,1/3/21,245242
100659,Japan,1/3/22,1735244
100660,Japan,1/3/23,29489769
100661,Japan,1/30/20,11
100662,Japan,1/30/21,388067
100663,Japan,1/30/22,2682767
100664,Japan,1/30/23,32507929
100665,Japan,1/31/20,15
100666,Japan,1/31/21,390740
100667,Japan,1/31/22,2743726
100668,Japan,1/31/23,32555047
100669,Japan,1/4/21,248585
100670,Japan,1/4/22,1736510
100671,Japan,1/4/23,29594073
100672,Japan,1/5/21,253534
100673,Japan,1/5/22,1738998
100674,Japan,1/5/23,29820977
100675,Japan,1/6/21,259583
100676,Japan,1/6/22,1743442
100677,Japan,1/6/23,30066519
100678,Japan,1/7/21,267225
100679,Japan,1/7/22,1749686
100680,Japan,1/7/23,30305173
100681,Japan,1/8/21,275182
100682,Japan,1/8/22,1758297
100683,Japan,1/8/23,30495711
100684,Japan,1/9/21,283036
100685,Japan,1/9/22,1766539
100686,Japan,1/9/23,30591019
100687,Japan,10/1/20,84212
100688,Japan,10/1/21,1706516
100689,Japan,10/1/22,21329519
100690,Japan,10/10/20,88921
100691,Japan,10/10/21,1714555
100692,Japan,10/10/22,21580581
100693,Japan,10/11/20,89357
100694,Japan,10/11/21,1714924
100695,Japan,10/11/22,21593704
100696,Japan,10/12/20,89635
100697,Japan,10/12/21,1715531
100698,Japan,10/12/22,21639209
100699,Japan,10/13/20,90133
100700,Japan,10/13/21,1716262
100701,Japan,10/13/22,21684899
100702,Japan,10/14/20,90685
100703,Japan,10/14/21,1716879
100704,Japan,10/14/22,21721504
100705,Japan,10/15/20,91393
100706,Japan,10/15/21,1717396
100707,Japan,10/15/22,21756642
100708,Japan,10/16/20,92032
100709,Japan,10/16/21,1717896
100710,Japan,10/16/22,21786304
100711,Japan,10/17/20,92655
100712,Japan,10/17/21,1718324
100713,Japan,10/17/22,21801676
100714,Japan,10/18/20,93085
100715,Japan,10/18/21,1718554
100716,Japan,10/18/22,21843970
100717,Japan,10/19/20,93401
100718,Japan,10/19/21,1718925
100719,Japan,10/19/22,21887525
100720,Japan,10/2/20,84754
100721,Japan,10/2/21,1707759
100722,Japan,10/2/22,21358831
100723,Japan,10/20/20,93882
100724,Japan,10/20/21,1719313
100725,Japan,10/20/22,21923635
100726,Japan,10/21/20,94497
100727,Japan,10/21/21,1719656
100728,Japan,10/21/22,21955228
100729,Japan,10/22/20,95113
100730,Japan,10/22/21,1719980
100731,Japan,10/22/22,21989401
100732,Japan,10/23/20,95858
100733,Japan,10/23/21,1720263
100734,Japan,10/23/22,22020274
100735,Japan,10/24/20,96584
100736,Japan,10/24/21,1720495
100737,Japan,10/24/22,22037126
100738,Japan,10/25/20,97077
100739,Japan,10/25/21,1720646
100740,Japan,10/25/22,22084832
100741,Japan,10/26/20,97487
100742,Japan,10/26/21,1720956
100743,Japan,10/26/22,22135126
100744,Japan,10/27/20,98133
100745,Japan,10/27/21,1721266
100746,Japan,10/27/22,22177863
100747,Japan,10/28/20,98864
100748,Japan,10/28/21,1721539
100749,Japan,10/28/22,22217117
100750,Japan,10/29/20,99672
100751,Japan,10/29/21,1721831
100752,Japan,10/29/22,22261640
100753,Japan,10/3/20,85328
100754,Japan,10/3/21,1708726
100755,Japan,10/3/22,21373998
100756,Japan,10/30/20,100446
100757,Japan,10/30/21,1722115
100758,Japan,10/30/22,22302251
100759,Japan,10/31/20,101323
100760,Japan,10/31/21,1722343
100761,Japan,10/31/22,22324592
100762,Japan,10/4/20,85728
100763,Japan,10/4/21,1709325
100764,Japan,10/4/22,21413721
100765,Japan,10/5/20,86007
100766,Japan,10/5/21,1710304
100767,Japan,10/5/22,21455079
100768,Japan,10/6/20,86507
100769,Japan,10/6/21,1711429
100770,Japan,10/6/22,21488519
100771,Japan,10/7/20,87013
100772,Japan,10/7/21,1712401
100773,Japan,10/7/22,21517962
100774,Japan,10/8/20,87640
100775,Japan,10/8/21,1713228
100776,Japan,10/8/22,21544747
100777,Japan,10/9/20,88243
100778,Japan,10/9/21,1714002
100779,Japan,10/9/22,21567543
100780,Japan,11/1/20,101936
100781,Japan,11/1/21,1722427
100782,Japan,11/1/22,22389872
100783,Japan,11/10/20,110449
100784,Japan,11/10/21,1724203
100785,Japan,11/10/22,22981382
100786,Japan,11/11/20,111993
100787,Japan,11/11/21,1724418
100788,Japan,11/11/22,23055475
100789,Japan,11/12/20,113652
100790,Japan,11/12/21,1724619
100791,Japan,11/12/22,23134961
100792,Japan,11/13/20,115356
100793,Japan,11/13/21,1724813
100794,Japan,11/13/22,23203855
100795,Japan,11/14/20,117091
100796,Japan,11/14/21,1724958
100797,Japan,11/14/22,23241410
100798,Japan,11/15/20,118530
100799,Japan,11/15/21,1725036
100800,Japan,11/15/22,23341236
100801,Japan,11/16/20,119480
100802,Japan,11/16/21,1725187
100803,Japan,11/16/22,23448938
100804,Japan,11/17/20,121180
100805,Japan,11/17/21,1725391
100806,Japan,11/17/22,23540544
100807,Japan,11/18/20,123374
100808,Japan,11/18/21,1725539
100809,Japan,11/18/22,23626318
100810,Japan,11/19/20,125759
100811,Japan,11/19/21,1725692
100812,Japan,11/19/22,23716205
100813,Japan,11/2/20,102423
100814,Japan,11/2/21,1722648
100815,Japan,11/2/22,22460268
100816,Japan,11/20/20,128180
100817,Japan,11/20/21,1725796
100818,Japan,11/20/22,23793927
100819,Japan,11/21/20,130772
100820,Japan,11/21/21,1725953
100821,Japan,11/21/22,23836351
100822,Japan,11/22/20,132931
100823,Japan,11/22/21,1726002
100824,Japan,11/22/22,23957587
100825,Japan,11/23/20,134449
100826,Japan,11/23/21,1726113
100827,Japan,11/23/22,24090948
100828,Japan,11/24/20,135678
100829,Japan,11/24/21,1726190
100830,Japan,11/24/22,24151056
100831,Japan,11/25/20,137620
100832,Japan,11/25/21,1726309
100833,Japan,11/25/22,24268896
100834,Japan,11/26/20,140120
100835,Japan,11/26/21,1726430
100836,Japan,11/26/22,24394223
100837,Japan,11/27/20,142651
100838,Japan,11/27/21,1726555
100839,Japan,11/27/22,24492699
100840,Japan,11/28/20,145326
100841,Japan,11/28/21,1726627
100842,Japan,11/28/22,24541816
100843,Japan,11/29/20,147388
100844,Japan,11/29/21,1726709
100845,Japan,11/29/22,24676912
100846,Japan,11/3/20,103288
100847,Japan,11/3/21,1722912
100848,Japan,11/3/22,22527741
100849,Japan,11/30/20,148824
100850,Japan,11/30/21,1726798
100851,Japan,11/30/22,24815308
100852,Japan,11/4/20,103912
100853,Japan,11/4/21,1723070
100854,Japan,11/4/22,22561805
100855,Japan,11/5/20,104960
100856,Japan,11/5/21,1723295
100857,Japan,11/5/22,22635975
100858,Japan,11/6/20,106103
100859,Japan,11/6/21,1723525
100860,Japan,11/6/22,22702372
100861,Japan,11/7/20,107436
100862,Japan,11/7/21,1723682
100863,Japan,11/7/22,22733994
100864,Japan,11/8/20,108386
100865,Japan,11/8/21,1723782
100866,Japan,11/8/22,22815395
100867,Japan,11/9/20,109166
100868,Japan,11/9/21,1723976
100869,Japan,11/9/22,22902805
100870,Japan,12/1/20,150857
100871,Japan,12/1/21,1726913
100872,Japan,12/1/22,24933509
100873,Japan,12/10/20,172290
100874,Japan,12/10/21,1728039
100875,Japan,12/10/22,25972791
100876,Japan,12/11/20,175085
100877,Japan,12/11/21,1728176
100878,Japan,12/11/22,26091965
100879,Japan,12/12/20,178122
100880,Japan,12/12/21,1728311
100881,Japan,12/12/22,26154301
100882,Japan,12/13/20,180505
100883,Japan,12/13/21,1728388
100884,Japan,12/13/22,26331295
100885,Japan,12/14/20,182186
100886,Japan,12/14/21,1728527
100887,Japan,12/14/22,26521902
100888,Japan,12/15/20,184612
100889,Japan,12/15/21,1728686
100890,Japan,12/15/22,26690393
100891,Japan,12/16/20,187608
100892,Japan,12/16/21,1728861
100893,Japan,12/16/22,26843995
100894,Japan,12/17/20,190817
100895,Japan,12/17/21,1729048
100896,Japan,12/17/22,27002378
100897,Japan,12/18/20,193654
100898,Japan,12/18/21,1729248
100899,Japan,12/18/22,27138615
100900,Japan,12/19/20,196643
100901,Japan,12/19/21,1729421
100902,Japan,12/19/22,27209536
100903,Japan,12/2/20,153289
100904,Japan,12/2/21,1727030
100905,Japan,12/2/22,25043437
100906,Japan,12/20/20,199134
100907,Japan,12/20/21,1729555
100908,Japan,12/20/22,27396606
100909,Japan,12/21/20,200945
100910,Japan,12/21/21,1729814
100911,Japan,12/21/22,27603549
100912,Japan,12/22/20,203639
100913,Japan,12/22/21,1730065
100914,Japan,12/22/22,27787924
100915,Japan,12/23/20,206915
100916,Japan,12/23/21,1730353
100917,Japan,12/23/22,27961260
100918,Japan,12/24/20,210661
100919,Japan,12/24/21,1730699
100920,Japan,12/24/22,28138882
100921,Japan,12/25/20,214493
100922,Japan,12/25/21,1731018
100923,Japan,12/25/22,28288547
100924,Japan,12/26/20,218378
100925,Japan,12/26/21,1731281
100926,Japan,12/26/22,28365803
100927,Japan,12/27/20,221322
100928,Japan,12/27/21,1731495
100929,Japan,12/27/22,28570146
100930,Japan,12/28/20,223719
100931,Japan,12/28/21,1731808
100932,Japan,12/28/22,28786365
100933,Japan,12/29/20,227346
100934,Japan,12/29/21,1732275
100935,Japan,12/29/22,28978428
100936,Japan,12/3/20,155806
100937,Japan,12/3/21,1727188
100938,Japan,12/3/22,25153028
100939,Japan,12/30/20,231217
100940,Japan,12/30/21,1732810
100941,Japan,12/30/22,29127212
100942,Japan,12/31/20,235749
100943,Japan,12/31/21,1733307
100944,Japan,12/31/22,29234677
100945,Japan,12/4/20,158258
100946,Japan,12/4/21,1727308
100947,Japan,12/4/22,25242594
100948,Japan,12/5/20,160766
100949,Japan,12/5/21,1727412
100950,Japan,12/5/22,25290215
100951,Japan,12/6/20,162804
100952,Japan,12/6/21,1727493
100953,Japan,12/6/22,25427492
100954,Japan,12/7/20,164335
100955,Japan,12/7/21,1727604
100956,Japan,12/7/22,25576875
100957,Japan,12/8/20,166511
100958,Japan,12/8/21,1727739
100959,Japan,12/8/22,25709940
100960,Japan,12/9/20,169321
100961,Japan,12/9/21,1727893
100962,Japan,12/9/22,25837030
100963,Japan,2/1/20,20
100964,Japan,2/1/21,392533
100965,Japan,2/1/22,2825414
100966,Japan,2/1/23,32610584
100967,Japan,2/10/20,26
100968,Japan,2/10/21,411017
100969,Japan,2/10/22,3681890
100970,Japan,2/10/23,32930382
100971,Japan,2/11/20,27
100972,Japan,2/11/21,412707
100973,Japan,2/11/22,3780239
100974,Japan,2/11/23,32957753
100975,Japan,2/12/20,28
100976,Japan,2/12/21,414007
100977,Japan,2/12/22,3848672
100978,Japan,2/12/23,32971493
100979,Japan,2/13/20,33
100980,Japan,2/13/21,415367
100981,Japan,2/13/22,3926107
100982,Japan,2/13/23,32980916
100983,Japan,2/14/20,43
100984,Japan,2/14/21,416729
100985,Japan,2/14/22,3986217
100986,Japan,2/14/23,33012986
100987,Japan,2/15/20,54
100988,Japan,2/15/21,417694
100989,Japan,2/15/22,4070412
100990,Japan,2/15/23,33041758
100991,Japan,2/16/20,60
100992,Japan,2/16/21,419002
100993,Japan,2/16/22,4161342
100994,Japan,2/16/23,33063105
100995,Japan,2/17/20,67
100996,Japan,2/17/21,420450
100997,Japan,2/17/22,4256522
100998,Japan,2/17/23,33081711
100999,Japan,2/18/20,79
101000,Japan,2/18/21,421986
101001,Japan,2/18/22,4344220
101002,Japan,2/18/23,33098835
101003,Japan,2/19/20,85
101004,Japan,2/19/21,423287
101005,Japan,2/19/22,4425739
101006,Japan,2/19/23,33113074
101007,Japan,2/2/20,20
101008,Japan,2/2/21,394857
101009,Japan,2/2/22,2920300
101010,Japan,2/2/23,32655883
101011,Japan,2/20/20,95
101012,Japan,2/20/21,424520
101013,Japan,2/20/22,4497233
101014,Japan,2/20/23,33120094
101015,Japan,2/21/20,112
101016,Japan,2/21/21,425552
101017,Japan,2/21/22,4549142
101018,Japan,2/21/23,33139504
101019,Japan,2/22/20,137
101020,Japan,2/22/21,426292
101021,Japan,2/22/22,4618759
101022,Japan,2/22/23,33158158
101023,Japan,2/23/20,149
101024,Japan,2/23/21,427373
101025,Japan,2/23/22,4699110
101026,Japan,2/23/23,33173351
101027,Japan,2/24/20,160
101028,Japan,2/24/21,428294
101029,Japan,2/24/22,4760332
101030,Japan,2/24/23,33179863
101031,Japan,2/25/20,173
101032,Japan,2/25/21,429370
101033,Japan,2/25/22,4825972
101034,Japan,2/25/23,33194709
101035,Japan,2/26/20,192
101036,Japan,2/26/21,430424
101037,Japan,2/26/22,4898120
101038,Japan,2/26/23,33207108
101039,Japan,2/27/20,218
101040,Japan,2/27/21,431637
101041,Japan,2/27/22,4961816
101042,Japan,2/27/23,33212438
101043,Japan,2/28/20,236
101044,Japan,2/28/21,432636
101045,Japan,2/28/22,5012908
101046,Japan,2/28/23,33227230
101047,Japan,2/29/20,245
101048,Japan,2/3/20,20
101049,Japan,2/3/21,397491
101050,Japan,2/3/22,3024742
101051,Japan,2/3/23,32695807
101052,Japan,2/4/20,22
101053,Japan,2/4/21,400069
101054,Japan,2/4/22,3122919
101055,Japan,2/4/23,32734388
101056,Japan,2/5/20,23
101057,Japan,2/5/21,402439
101058,Japan,2/5/22,3225194
101059,Japan,2/5/23,32766847
101060,Japan,2/6/20,23
101061,Japan,2/6/21,404716
101062,Japan,2/6/22,3315180
101063,Japan,2/6/23,32782459
101064,Japan,2/7/20,23
101065,Japan,2/7/21,406346
101066,Japan,2/7/22,3383184
101067,Japan,2/7/23,32827214
101068,Japan,2/8/20,24
101069,Japan,2/8/21,407563
101070,Japan,2/8/22,3484368
101071,Japan,2/8/23,32868798
101072,Japan,2/9/20,24
101073,Japan,2/9/21,409131
101074,Japan,2/9/22,3582167
101075,Japan,2/9/23,32901767
101076,Japan,3/1/20,259
101077,Japan,3/1/21,433334
101078,Japan,3/1/22,5078276
101079,Japan,3/1/23,33241180
101080,Japan,3/10/20,585
101081,Japan,3/10/21,442936
101082,Japan,3/10/22,5618325
101083,Japan,3/11/20,640
101084,Japan,3/11/21,444253
101085,Japan,3/11/22,5674311
101086,Japan,3/12/20,696
101087,Japan,3/12/21,445524
101088,Japan,3/12/22,5729537
101089,Japan,3/13/20,733
101090,Japan,3/13/21,446843
101091,Japan,3/13/22,5780484
101092,Japan,3/14/20,795
101093,Japan,3/14/21,447830
101094,Japan,3/14/22,5812843
101095,Japan,3/15/20,826
101096,Japan,3/15/21,448525
101097,Japan,3/15/22,5863778
101098,Japan,3/16/20,843
101099,Japan,3/16/21,449658
101100,Japan,3/16/22,5921690
101101,Japan,3/17/20,893
101102,Japan,3/17/21,451191
101103,Japan,3/17/22,5975168
101104,Japan,3/18/20,928
101105,Japan,3/18/21,452688
101106,Japan,3/18/22,6024350
101107,Japan,3/19/20,968
101108,Japan,3/19/21,454151
101109,Japan,3/19/22,6068943
101110,Japan,3/2/20,278
101111,Japan,3/2/21,434222
101112,Japan,3/2/22,5150876
101113,Japan,3/2/23,33252686
101114,Japan,3/20/20,1022
101115,Japan,3/20/21,455667
101116,Japan,3/20/22,6108503
101117,Japan,3/21/20,1059
101118,Japan,3/21/21,456785
101119,Japan,3/21/22,6136069
101120,Japan,3/22/20,1104
101121,Japan,3/22/21,457601
101122,Japan,3/22/22,6156221
101123,Japan,3/23/20,1144
101124,Japan,3/23/21,459101
101125,Japan,3/23/22,6197583
101126,Japan,3/24/20,1217
101127,Japan,3/24/21,461018
101128,Japan,3/24/22,6247334
101129,Japan,3/25/20,1314
101130,Japan,3/25/21,462933
101131,Japan,3/25/22,6294771
101132,Japan,3/26/20,1416
101133,Japan,3/26/21,464958
101134,Japan,3/26/22,6342100
101135,Japan,3/27/20,1530
101136,Japan,3/27/21,467029
101137,Japan,3/27/22,6385448
101138,Japan,3/28/20,1728
101139,Japan,3/28/21,468811
101140,Japan,3/28/22,6415168
101141,Japan,3/29/20,1907
101142,Japan,3/29/21,470156
101143,Japan,3/29/22,6459761
101144,Japan,3/3/20,298
101145,Japan,3/3/21,435465
101146,Japan,3/3/22,5221144
101147,Japan,3/3/23,33263208
101148,Japan,3/30/20,2001
101149,Japan,3/30/21,472243
101150,Japan,3/30/22,6513370
101151,Japan,3/31/20,2255
101152,Japan,3/31/21,475086
101153,Japan,3/31/22,6565019
101154,Japan,3/4/20,333
101155,Japan,3/4/21,436634
101156,Japan,3/4/22,5284831
101157,Japan,3/4/23,33273639
101158,Japan,3/5/20,365
101159,Japan,3/5/21,437782
101160,Japan,3/5/22,5348422
101161,Japan,3/5/23,33282370
101162,Japan,3/6/20,420
101163,Japan,3/6/21,438825
101164,Japan,3/6/22,5402455
101165,Japan,3/6/23,33286633
101166,Japan,3/7/20,466
101167,Japan,3/7/21,439896
101168,Japan,3/7/22,5439457
101169,Japan,3/7/23,33298799
101170,Japan,3/8/20,499
101171,Japan,3/8/21,440496
101172,Japan,3/8/22,5493395
101173,Japan,3/8/23,33310604
101174,Japan,3/9/20,527
101175,Japan,3/9/21,441623
101176,Japan,3/9/22,5557262
101177,Japan,3/9/23,33320438
101178,Japan,4/1/20,2535
101179,Japan,4/1/21,477691
101180,Japan,4/1/22,6614278
101181,Japan,4/10/20,6250
101182,Japan,4/10/21,504118
101183,Japan,4/10/22,7049807
101184,Japan,4/11/20,6951
101185,Japan,4/11/21,506954
101186,Japan,4/11/22,7082903
101187,Japan,4/12/20,7473
101188,Japan,4/12/21,509058
101189,Japan,4/12/22,7132975
101190,Japan,4/13/20,7773
101191,Japan,4/13/21,512510
101192,Japan,4/13/22,7190641
101193,Japan,4/14/20,8277
101194,Japan,4/14/21,516817
101195,Japan,4/14/22,7245842
101196,Japan,4/15/20,8835
101197,Japan,4/15/21,521386
101198,Japan,4/15/22,7295539
101199,Japan,4/16/20,9398
101200,Japan,4/16/21,525910
101201,Japan,4/16/22,7343063
101202,Japan,4/17/20,9958
101203,Japan,4/17/21,530703
101204,Japan,4/17/22,7382268
101205,Japan,4/18/20,10548
101206,Japan,4/18/21,534787
101207,Japan,4/18/22,7406848
101208,Japan,4/19/20,10914
101209,Japan,4/19/21,537690
101210,Japan,4/19/22,7447674
101211,Japan,4/2/20,2818
101212,Japan,4/2/21,480445
101213,Japan,4/2/22,6663087
101214,Japan,4/20/20,11258
101215,Japan,4/20/21,542040
101216,Japan,4/20/22,7495555
101217,Japan,4/21/20,11641
101218,Japan,4/21/21,547326
101219,Japan,4/21/22,7542666
101220,Japan,4/22/20,12037
101221,Japan,4/22/21,552818
101222,Japan,4/22/22,7585564
101223,Japan,4/23/20,12469
101224,Japan,4/23/21,557922
101225,Japan,4/23/22,7629456
101226,Japan,4/24/20,12854
101227,Japan,4/24/21,563517
101228,Japan,4/24/22,7668131
101229,Japan,4/25/20,13186
101230,Japan,4/25/21,568116
101231,Japan,4/25/22,7692973
101232,Japan,4/26/20,13405
101233,Japan,4/26/21,571430
101234,Japan,4/26/22,7733523
101235,Japan,4/27/20,13576
101236,Japan,4/27/21,576391
101237,Japan,4/27/22,7779777
101238,Japan,4/28/20,13860
101239,Japan,4/28/21,582174
101240,Japan,4/28/22,7821448
101241,Japan,4/29/20,14076
101242,Japan,4/29/21,588087
101243,Japan,4/29/22,7858117
101244,Japan,4/3/20,3154
101245,Japan,4/3/21,483217
101246,Japan,4/3/22,6710303
101247,Japan,4/30/20,14284
101248,Japan,4/30/21,592771
101249,Japan,4/30/22,7883149
101250,Japan,4/4/20,3525
101251,Japan,4/4/21,485684
101252,Japan,4/4/22,6740558
101253,Japan,4/5/20,3876
101254,Japan,4/5/21,487255
101255,Japan,4/5/22,6786356
101256,Japan,4/6/20,4110
101257,Japan,4/6/21,489921
101258,Japan,4/6/22,6841117
101259,Japan,4/7/20,4485
101260,Japan,4/7/21,493369
101261,Japan,4/7/22,6895996
101262,Japan,4/8/20,5020
101263,Japan,4/8/21,496865
101264,Japan,4/8/22,6948130
101265,Japan,4/9/20,5614
101266,Japan,4/9/21,500353
101267,Japan,4/9/22,7000759
101268,Japan,5/1/20,14558
101269,Japan,5/1/21,598754
101270,Japan,5/1/22,7910179
101271,Japan,5/10/20,15824
101272,Japan,5/10/21,646440
101273,Japan,5/10/22,8180756
101274,Japan,5/11/20,15861
101275,Japan,5/11/21,652675
101276,Japan,5/11/22,8227154
101277,Japan,5/12/20,15948
101278,Japan,5/12/21,659726
101279,Japan,5/12/22,8268802
101280,Japan,5/13/20,15998
101281,Japan,5/13/21,666600
101282,Japan,5/13/22,8308372
101283,Japan,5/14/20,16096
101284,Japan,5/14/21,672862
101285,Japan,5/14/22,8347702
101286,Japan,5/15/20,16148
101287,Japan,5/15/21,679279
101288,Japan,5/15/22,8382913
101289,Japan,5/16/20,16202
101290,Japan,5/16/21,684535
101291,Japan,5/16/22,8404699
101292,Japan,5/17/20,16226
101293,Japan,5/17/21,688212
101294,Japan,5/17/22,8441494
101295,Japan,5/18/20,16259
101296,Japan,5/18/21,693436
101297,Japan,5/18/22,8483562
101298,Japan,5/19/20,16287
101299,Japan,5/19/21,699227
101300,Japan,5/19/22,8523132
101301,Japan,5/2/20,14861
101302,Japan,5/2/21,604644
101303,Japan,5/2/22,7929437
101304,Japan,5/20/20,16321
101305,Japan,5/20/21,704939
101306,Japan,5/20/22,8560475
101307,Japan,5/21/20,16362
101308,Japan,5/21/21,710184
101309,Japan,5/21/22,8596323
101310,Japan,5/22/20,16385
101311,Japan,5/22/21,715219
101312,Japan,5/22/22,8628164
101313,Japan,5/23/20,16410
101314,Japan,5/23/21,719258
101315,Japan,5/23/22,8646671
101316,Japan,5/24/20,16451
101317,Japan,5/24/21,721969
101318,Japan,5/24/22,8679163
101319,Japan,5/25/20,16472
101320,Japan,5/25/21,725861
101321,Japan,5/25/22,8714263
101322,Japan,5/26/20,16502
101323,Japan,5/26/21,730394
101324,Japan,5/26/22,8745175
101325,Japan,5/27/20,16528
101326,Japan,5/27/21,734526
101327,Japan,5/27/22,8772867
101328,Japan,5/28/20,16588
101329,Japan,5/28/21,738229
101330,Japan,5/28/22,8798523
101331,Japan,5/29/20,16661
101332,Japan,5/29/21,741822
101333,Japan,5/29/22,8819323
101334,Japan,5/3/20,15061
101335,Japan,5/3/21,609108
101336,Japan,5/3/22,7959950
101337,Japan,5/30/20,16706
101338,Japan,5/30/21,744696
101339,Japan,5/30/22,8831651
101340,Japan,5/31/20,16741
101341,Japan,5/31/21,746487
101342,Japan,5/31/22,8853455
101343,Japan,5/4/20,15229
101344,Japan,5/4/21,613298
101345,Japan,5/4/22,7986412
101346,Japan,5/5/20,15354
101347,Japan,5/5/21,617358
101348,Japan,5/5/22,8007124
101349,Japan,5/6/20,15455
101350,Japan,5/6/21,621728
101351,Japan,5/6/22,8028779
101352,Japan,5/7/20,15553
101353,Japan,5/7/21,627778
101354,Japan,5/7/22,8068007
101355,Japan,5/8/20,15640
101356,Japan,5/8/21,635016
101357,Japan,5/8/22,8110413
101358,Japan,5/9/20,15755
101359,Japan,5/9/21,641500
101360,Japan,5/9/22,8138766
101361,Japan,6/1/20,16778
101362,Japan,6/1/21,749126
101363,Japan,6/1/22,8876113
101364,Japan,6/10/20,17135
101365,Japan,6/10/21,769694
101366,Japan,6/10/22,9025940
101367,Japan,6/11/20,17179
101368,Japan,6/11/21,771628
101369,Japan,6/11/22,9041278
101370,Japan,6/12/20,17240
101371,Japan,6/12/21,773569
101372,Japan,6/12/22,9054719
101373,Japan,6/13/20,17285
101374,Japan,6/13/21,774951
101375,Japan,6/13/22,9062661
101376,Japan,6/14/20,17360
101377,Japan,6/14/21,775884
101378,Japan,6/14/22,9077975
101379,Japan,6/15/20,17432
101380,Japan,6/15/21,777301
101381,Japan,6/15/22,9094519
101382,Japan,6/16/20,17474
101383,Japan,6/16/21,779008
101384,Japan,6/16/22,9110063
101385,Japan,6/17/20,17520
101386,Japan,6/17/21,780558
101387,Japan,6/17/22,9124760
101388,Japan,6/18/20,17589
101389,Japan,6/18/21,782178
101390,Japan,6/18/22,9139597
101391,Japan,6/19/20,17650
101392,Japan,6/19/21,783696
101393,Japan,6/19/22,9152738
101394,Japan,6/2/20,16829
101395,Japan,6/2/21,752160
101396,Japan,6/2/22,8896430
101397,Japan,6/20/20,17714
101398,Japan,6/20/21,785002
101399,Japan,6/20/22,9160533
101400,Japan,6/21/20,17769
101401,Japan,6/21/21,785870
101402,Japan,6/21/22,9175927
101403,Japan,6/22/20,17812
101404,Japan,6/22/21,787305
101405,Japan,6/22/22,9193205
101406,Japan,6/23/20,17869
101407,Japan,6/23/21,789085
101408,Japan,6/23/22,9209862
101409,Japan,6/24/20,17965
101410,Japan,6/24/21,790759
101411,Japan,6/24/22,9225840
101412,Japan,6/25/20,18047
101413,Japan,6/25/21,792469
101414,Japan,6/25/22,9242413
101415,Japan,6/26/20,18152
101416,Japan,6/26/21,794100
101417,Japan,6/26/22,9256660
101418,Japan,6/27/20,18244
101419,Japan,6/27/21,795382
101420,Japan,6/27/22,9266214
101421,Japan,6/28/20,18357
101422,Japan,6/28/21,796383
101423,Japan,6/28/22,9285592
101424,Japan,6/29/20,18467
101425,Japan,6/29/21,797763
101426,Japan,6/29/22,9308916
101427,Japan,6/3/20,16858
101428,Japan,6/3/21,754991
101429,Japan,6/3/22,8915687
101430,Japan,6/30/20,18605
101431,Japan,6/30/21,799583
101432,Japan,6/30/22,9332302
101433,Japan,6/4/20,16902
101434,Japan,6/4/21,757583
101435,Japan,6/4/22,8933945
101436,Japan,6/5/20,16949
101437,Japan,6/5/21,760233
101438,Japan,6/5/22,8949039
101439,Japan,6/6/20,16995
101440,Japan,6/6/21,762253
101441,Japan,6/6/22,8958140
101442,Japan,6/7/20,17033
101443,Japan,6/7/21,763533
101444,Japan,6/7/22,8975161
101445,Japan,6/8/20,17054
101446,Japan,6/8/21,765414
101447,Japan,6/8/22,8993568
101448,Japan,6/9/20,17099
101449,Japan,6/9/21,767652
101450,Japan,6/9/22,9010356
101451,Japan,7/1/20,18732
101452,Japan,7/1/21,801337
101453,Japan,7/1/22,9355427
101454,Japan,7/10/20,21034
101455,Japan,7/10/21,818341
101456,Japan,7/10/22,9709429
101457,Japan,7/11/20,21420
101458,Japan,7/11/21,820371
101459,Japan,7/11/22,9746584
101460,Japan,7/12/20,21827
101461,Japan,7/12/21,821876
101462,Japan,7/12/22,9822578
101463,Japan,7/13/20,22086
101464,Japan,7/13/21,824260
101465,Japan,7/13/22,9917058
101466,Japan,7/14/20,22419
101467,Japan,7/14/21,827452
101468,Japan,7/14/22,10014835
101469,Japan,7/15/20,22869
101470,Japan,7/15/21,830870
101471,Japan,7/15/22,10118147
101472,Japan,7/16/20,23493
101473,Japan,7/16/21,834303
101474,Japan,7/16/22,10228794
101475,Japan,7/17/20,24090
101476,Japan,7/17/21,838189
101477,Japan,7/17/22,10334366
101478,Japan,7/18/20,24751
101479,Japan,7/18/21,841290
101480,Japan,7/18/22,10410516
101481,Japan,7/19/20,25262
101482,Japan,7/19/21,843618
101483,Japan,7/19/22,10477208
101484,Japan,7/2/20,18926
101485,Japan,7/2/21,803112
101486,Japan,7/2/22,9380327
101487,Japan,7/20/20,25680
101488,Japan,7/20/21,847377
101489,Japan,7/20/22,10629729
101490,Japan,7/21/20,26312
101491,Japan,7/21/21,852326
101492,Japan,7/21/22,10815963
101493,Japan,7/22/20,27107
101494,Japan,7/22/21,857725
101495,Japan,7/22/22,11011053
101496,Japan,7/23/20,28088
101497,Japan,7/23/21,861959
101498,Japan,7/23/22,11211985
101499,Japan,7/24/20,28867
101500,Japan,7/24/21,865553
101501,Japan,7/24/22,11388477
101502,Japan,7/25/20,29668
101503,Japan,7/25/21,870592
101504,Japan,7/25/22,11514977
101505,Japan,7/26/20,30507
101506,Japan,7/26/21,875301
101507,Japan,7/26/22,11711379
101508,Japan,7/27/20,31107
101509,Japan,7/27/21,882971
101510,Japan,7/27/22,11920979
101511,Japan,7/28/20,32092
101512,Japan,7/28/21,892599
101513,Japan,7/28/22,12154082
101514,Japan,7/29/20,33362
101515,Japan,7/29/21,903351
101516,Japan,7/29/22,12375380
101517,Japan,7/3/20,19176
101518,Japan,7/3/21,804990
101519,Japan,7/3/22,9403613
101520,Japan,7/30/20,34670
101521,Japan,7/30/21,914182
101522,Japan,7/30/22,12597610
101523,Japan,7/31/20,36256
101524,Japan,7/31/21,926604
101525,Japan,7/31/22,12795382
101526,Japan,7/4/20,19450
101527,Japan,7/4/21,806475
101528,Japan,7/4/22,9420398
101529,Japan,7/5/20,19658
101530,Japan,7/5/21,807504
101531,Japan,7/5/22,9456631
101532,Japan,7/6/20,19834
101533,Japan,7/6/21,809172
101534,Japan,7/6/22,9502425
101535,Japan,7/7/20,20042
101536,Japan,7/7/21,811361
101537,Japan,7/7/22,9550392
101538,Japan,7/8/20,20249
101539,Japan,7/8/21,813607
101540,Japan,7/8/22,9600360
101541,Japan,7/9/20,20604
101542,Japan,7/9/21,815883
101543,Japan,7/9/22,9655344
101544,Japan,8/1/20,37790
101545,Japan,8/1/21,936852
101546,Japan,8/1/22,12935010
101547,Japan,8/10/20,49627
101548,Japan,8/10/21,1056125
101549,Japan,8/10/22,14902463
101550,Japan,8/11/20,50324
101551,Japan,8/11/21,1072153
101552,Japan,8/11/22,15142572
101553,Japan,8/12/20,51303
101554,Japan,8/12/21,1091187
101555,Japan,8/12/22,15311290
101556,Japan,8/13/20,52475
101557,Japan,8/13/21,1111683
101558,Japan,8/13/22,15494932
101559,Japan,8/14/20,53831
101560,Japan,8/14/21,1131986
101561,Japan,8/14/22,15673273
101562,Japan,8/15/20,55062
101563,Japan,8/15/21,1149874
101564,Japan,8/15/22,15811748
101565,Japan,8/16/20,56079
101566,Japan,8/16/21,1164881
101567,Japan,8/16/22,15977877
101568,Japan,8/17/20,56726
101569,Japan,8/17/21,1184986
101570,Japan,8/17/22,16209238
101571,Japan,8/18/20,57642
101572,Japan,8/18/21,1209082
101573,Japan,8/18/22,16464723
101574,Japan,8/19/20,58712
101575,Japan,8/19/21,1234423
101576,Japan,8/19/22,16725722
101577,Japan,8/2/20,39121
101578,Japan,8/2/21,945330
101579,Japan,8/2/22,13145926
101580,Japan,8/20/20,59890
101581,Japan,8/20/21,1260415
101582,Japan,8/20/22,16978914
101583,Japan,8/21/20,60927
101584,Japan,8/21/21,1286077
101585,Japan,8/21/22,17205062
101586,Japan,8/22/20,61911
101587,Japan,8/22/21,1308422
101588,Japan,8/22/22,17345982
101589,Japan,8/23/20,62655
101590,Japan,8/23/21,1325346
101591,Japan,8/23/22,17554433
101592,Japan,8/24/20,63148
101593,Japan,8/24/21,1347015
101594,Japan,8/24/22,17797923
101595,Japan,8/25/20,63863
101596,Japan,8/25/21,1371426
101597,Japan,8/25/22,18018770
101598,Japan,8/26/20,64766
101599,Japan,8/26/21,1396464
101600,Japan,8/26/22,18211113
101601,Japan,8/27/20,65629
101602,Japan,8/27/21,1420783
101603,Japan,8/27/22,18391173
101604,Japan,8/28/20,66505
101605,Japan,8/28/21,1443642
101606,Japan,8/28/22,18548929
101607,Japan,8/29/20,67349
101608,Japan,8/29/21,1462979
101609,Japan,8/29/22,18644758
101610,Japan,8/3/20,40086
101611,Japan,8/3/21,957431
101612,Japan,8/3/22,13395634
101613,Japan,8/30/20,67949
101614,Japan,8/30/21,1476653
101615,Japan,8/30/22,18797340
101616,Japan,8/31/20,68385
101617,Japan,8/31/21,1494372
101618,Japan,8/31/22,18966848
101619,Japan,8/4/20,41332
101620,Japan,8/4/21,971743
101621,Japan,8/4/22,13634335
101622,Japan,8/5/20,42687
101623,Japan,8/5/21,987060
101624,Japan,8/5/22,13868027
101625,Japan,8/6/20,44172
101626,Japan,8/6/21,1002867
101627,Japan,8/6/22,14095507
101628,Japan,8/7/20,45777
101629,Japan,8/7/21,1018688
101630,Japan,8/7/22,14301928
101631,Japan,8/8/20,47348
101632,Japan,8/8/21,1033214
101633,Japan,8/8/22,14439709
101634,Japan,8/9/20,48789
101635,Japan,8/9/21,1045392
101636,Japan,8/9/22,14652175
101637,Japan,9/1/20,69018
101638,Japan,9/1/21,1514400
101639,Japan,9/1/22,19116684
101640,Japan,9/10/20,73923
101641,Japan,9/10/21,1628732
101642,Japan,9/10/22,20092165
101643,Japan,9/11/20,74565
101644,Japan,9/11/21,1637534
101645,Japan,9/11/22,20173655
101646,Japan,9/12/20,75211
101647,Japan,9/12/21,1644747
101648,Japan,9/12/22,20226491
101649,Japan,9/13/20,75650
101650,Japan,9/13/21,1648920
101651,Japan,9/13/22,20314059
101652,Japan,9/14/20,75916
101653,Japan,9/14/21,1655199
101654,Japan,9/14/22,20414288
101655,Japan,9/15/20,76447
101656,Japan,9/15/21,1662008
101657,Japan,9/15/22,20500172
101658,Japan,9/16/20,76998
101659,Japan,9/16/21,1667699
101660,Japan,9/16/22,20576128
101661,Japan,9/17/20,77487
101662,Japan,9/17/21,1672812
101663,Japan,9/17/22,20647079
101664,Japan,9/18/20,78059
101665,Japan,9/18/21,1677512
101666,Japan,9/18/22,20711125
101667,Japan,9/19/20,78655
101668,Japan,9/19/21,1680908
101669,Japan,9/19/22,20749162
101670,Japan,9/2/20,69610
101671,Japan,9/2/21,1532616
101672,Japan,9/2/22,19246866
101673,Japan,9/20/20,79135
101674,Japan,9/20/21,1683129
101675,Japan,9/20/22,20780883
101676,Japan,9/21/20,79445
101677,Japan,9/21/21,1684899
101678,Japan,9/21/22,20850696
101679,Japan,9/22/20,79776
101680,Japan,9/22/21,1688142
101681,Japan,9/22/22,20928069
101682,Japan,9/23/20,79995
101683,Japan,9/23/21,1691743
101684,Japan,9/23/22,20991907
101685,Japan,9/24/20,80477
101686,Japan,9/24/21,1693838
101687,Japan,9/24/22,21031120
101688,Japan,9/25/20,81050
101689,Japan,9/25/21,1696508
101690,Japan,9/25/22,21077882
101691,Japan,9/26/20,81689
101692,Japan,9/26/21,1698644
101693,Japan,9/26/22,21121413
101694,Japan,9/27/20,82174
101695,Japan,9/27/21,1699792
101696,Japan,9/27/22,21165123
101697,Japan,9/28/20,82476
101698,Japan,9/28/21,1701514
101699,Japan,9/28/22,21215102
101700,Japan,9/29/20,83003
101701,Japan,9/29/21,1703497
101702,Japan,9/29/22,21257275
101703,Japan,9/3/20,70267
101704,Japan,9/3/21,1549337
101705,Japan,9/3/22,19369978
101706,Japan,9/30/20,83579
101707,Japan,9/30/21,1705072
101708,Japan,9/30/22,21293921
101709,Japan,9/4/20,70854
101710,Japan,9/4/21,1565351
101711,Japan,9/4/22,19477797
101712,Japan,9/5/20,71452
101713,Japan,9/5/21,1578258
101714,Japan,9/5/22,19545759
101715,Japan,9/6/20,71903
101716,Japan,9/6/21,1586482
101717,Japan,9/6/22,19657900
101718,Japan,9/7/20,72194
101719,Japan,9/7/21,1597089
101720,Japan,9/7/22,19787682
101721,Japan,9/8/20,72703
101722,Japan,9/8/21,1609477
101723,Japan,9/8/22,19900027
101724,Japan,9/9/20,73211
101725,Japan,9/9/21,1619873
101726,Japan,9/9/22,19999466
212598,US,1/1/21,20397398
212599,US,1/1/22,55099948
212600,US,1/1/23,100769628
212601,US,1/10/21,22613198
212602,US,1/10/22,61923770
212603,US,1/10/23,101399138
212604,US,1/11/21,22817700
212605,US,1/11/22,62709985
212606,US,1/11/23,101538756
212607,US,1/12/21,23040116
212608,US,1/12/22,63563852
212609,US,1/12/23,101603736
212610,US,1/13/21,23268791
212611,US,1/13/22,64429141
212612,US,1/13/23,101637051
212613,US,1/14/21,23503715
212614,US,1/14/22,65308292
212615,US,1/14/23,101642336
212616,US,1/15/21,23748051
212617,US,1/15/22,65724593
212618,US,1/15/23,101645654
212619,US,1/16/21,23965033
212620,US,1/16/22,66210693
212621,US,1/16/23,101653171
212622,US,1/17/21,24141198
212623,US,1/17/22,66870941
212624,US,1/17/23,101734426
212625,US,1/18/21,24282482
212626,US,1/18/22,68003787
212627,US,1/18/23,101863056
212628,US,1/19/21,24439496
212629,US,1/19/22,68913628
212630,US,1/19/23,101954244
212631,US,1/2/21,20670022
212632,US,1/2/22,55396191
212633,US,1/2/23,100777938
212634,US,1/20/21,24627164
212635,US,1/20/22,69644507
212636,US,1/20/23,101991763
212637,US,1/21/21,24819191
212638,US,1/21/22,70450244
212639,US,1/21/23,101996891
212640,US,1/22/20,1
212641,US,1/22/21,25010547
212642,US,1/22/22,70760203
212643,US,1/22/23,102000179
212644,US,1/23/20,1
212645,US,1/23/21,25187886
212646,US,1/23/22,71131122
212647,US,1/23/23,102031232
212648,US,1/24/20,2
212649,US,1/24/21,25327681
212650,US,1/24/22,72039869
212651,US,1/24/23,102086966
212652,US,1/25/20,2
212653,US,1/25/21,25457654
212654,US,1/25/22,72532127
212655,US,1/25/23,102189274
212656,US,1/26/20,5
212657,US,1/26/21,25608948
212658,US,1/26/22,73209225
212659,US,1/26/23,102253390
212660,US,1/27/20,5
212661,US,1/27/21,25764113
212662,US,1/27/22,73712510
212663,US,1/27/23,102270311
212664,US,1/28/20,5
212665,US,1/28/21,25930828
212666,US,1/28/22,74325157
212667,US,1/28/23,102274906
212668,US,1/29/20,6
212669,US,1/29/21,26094127
212670,US,1/29/22,74507829
212671,US,1/29/23,102278398
212672,US,1/3/21,20873235
212673,US,1/3/22,56438983
212674,US,1/3/23,100866744
212675,US,1/30/20,6
212676,US,1/30/21,26244536
212677,US,1/30/22,74708840
212678,US,1/30/23,102307529
212679,US,1/31/20,8
212680,US,1/31/21,26357107
212681,US,1/31/22,75244152
212682,US,1/31/23,102362870
212683,US,1/4/21,21059968
212684,US,1/4/22,57267794
212685,US,1/4/23,101064860
212686,US,1/5/21,21292110
212687,US,1/5/22,57943576
212688,US,1/5/23,101196089
212689,US,1/6/21,21551825
212690,US,1/6/22,58788182
212691,US,1/6/23,101261277
212692,US,1/7/21,21836888
212693,US,1/7/22,59667177
212694,US,1/7/23,101267132
212695,US,1/8/21,22139748
212696,US,1/8/22,60075853
212697,US,1/8/23,101272842
212698,US,1/9/21,22403252
212699,US,1/9/22,60569265
212700,US,1/9/23,101315853
212701,US,10/1/20,7292562
212702,US,10/1/21,43694428
212703,US,10/1/22,96369625
212704,US,10/10/20,7730092
212705,US,10/10/21,44452401
212706,US,10/10/22,96699589
212707,US,10/11/20,7776972
212708,US,10/11/21,44545245
212709,US,10/11/22,96760434
212710,US,10/12/20,7819927
212711,US,10/12/21,44656250
212712,US,10/12/22,96825135
212713,US,10/13/20,7870523
212714,US,10/13/21,44764567
212715,US,10/13/22,96888756
212716,US,10/14/20,7929694
212717,US,10/14/21,44850751
212718,US,10/14/22,96915830
212719,US,10/15/20,7993556
212720,US,10/15/21,44959502
212721,US,10/15/22,96921917
212722,US,10/16/20,8063866
212723,US,10/16/21,45000892
212724,US,10/16/22,96928733
212725,US,10/17/20,8118716
212726,US,10/17/21,45034083
212727,US,10/17/22,96967685
212728,US,10/18/20,8171010
212729,US,10/18/21,45130714
212730,US,10/18/22,97011349
212731,US,10/19/20,8239747
212732,US,10/19/21,45213344
212733,US,10/19/22,97072048
212734,US,10/2/20,7346109
212735,US,10/2/21,43744224
212736,US,10/2/22,96375509
212737,US,10/20/20,8302318
212738,US,10/20/21,45305577
212739,US,10/20/22,97129478
212740,US,10/21/20,8363743
212741,US,10/21/21,45382909
212742,US,10/21/22,97175604
212743,US,10/22/20,8443959
212744,US,10/22/21,45478808
212745,US,10/22/22,97181092
212746,US,10/23/20,8526091
212747,US,10/23/21,45513139
212748,US,10/23/22,97189727
212749,US,10/24/20,8604190
212750,US,10/24/21,45534110
212751,US,10/24/22,97229112
212752,US,10/25/20,8664567
212753,US,10/25/21,45643583
212754,US,10/25/22,97272915
212755,US,10/26/20,8729037
212756,US,10/26/21,45711249
212757,US,10/26/22,97344455
212758,US,10/27/20,8808014
212759,US,10/27/21,45813716
212760,US,10/27/22,97403798
212761,US,10/28/20,8896402
212762,US,10/28/21,45888274
212763,US,10/28/22,97434240
212764,US,10/29/20,8989081
212765,US,10/29/21,45982991
212766,US,10/29/22,97443365
212767,US,10/3/20,7395489
212768,US,10/3/21,43790462
212769,US,10/3/22,96416999
212770,US,10/30/20,9089580
212771,US,10/30/21,46019330
212772,US,10/30/22,97446797
212773,US,10/31/20,9176352
212774,US,10/31/21,46053361
212775,US,10/31/22,97491766
212776,US,10/4/20,7428859
212777,US,10/4/21,43931026
212778,US,10/4/22,96472358
212779,US,10/5/20,7466806
212780,US,10/5/21,44026584
212781,US,10/5/22,96543735
212782,US,10/6/20,7511827
212783,US,10/6/21,44139333
212784,US,10/6/22,96604699
212785,US,10/7/20,7561294
212786,US,10/7/21,44240441
212787,US,10/7/22,96663035
212788,US,10/8/20,7619507
212789,US,10/8/21,44371002
212790,US,10/8/22,96670876
212791,US,10/9/20,7674838
212792,US,10/9/21,44411382
212793,US,10/9/22,96676516
212794,US,11/1/20,9254490
212795,US,11/1/21,46163201
212796,US,11/1/22,97540736
212797,US,11/10/20,10331774
212798,US,11/10/21,46857079
212799,US,11/10/22,97973552
212800,US,11/11/20,10481333
212801,US,11/11/21,46914755
212802,US,11/11/22,97986735
212803,US,11/12/20,10640976
212804,US,11/12/21,47058876
212805,US,11/12/22,97992007
212806,US,11/13/20,10819737
212807,US,11/13/21,47105069
212808,US,11/13/22,97994653
212809,US,11/14/20,10982694
212810,US,11/14/21,47138971
212811,US,11/14/22,98045066
212812,US,11/15/20,11121208
212813,US,11/15/21,47270028
212814,US,11/15/22,98104944
212815,US,11/16/20,11276945
212816,US,11/16/21,47358009
212817,US,11/16/22,98189692
212818,US,11/17/20,11444297
212819,US,11/17/21,47470415
212820,US,11/17/22,98243790
212821,US,11/18/20,11617713
212822,US,11/18/21,47578998
212823,US,11/18/22,98299385
212824,US,11/19/20,11809680
212825,US,11/19/21,47705269
212826,US,11/19/22,98304397
212827,US,11/2/20,9338428
212828,US,11/2/21,46233294
212829,US,11/2/22,97614775
212830,US,11/20/20,12010765
212831,US,11/20/21,47752525
212832,US,11/20/22,98308346
212833,US,11/21/20,12188369
212834,US,11/21/21,47794054
212835,US,11/21/22,98352864
212836,US,11/22/20,12333604
212837,US,11/22/21,47934950
212838,US,11/22/22,98409179
212839,US,11/23/20,12517890
212840,US,11/23/21,48026672
212841,US,11/23/22,98522619
212842,US,11/24/20,12692858
212843,US,11/24/21,48138243
212844,US,11/24/22,98538940
212845,US,11/25/20,12874109
212846,US,11/25/21,48175300
212847,US,11/25/22,98561273
212848,US,11/26/20,12987020
212849,US,11/26/21,48229993
212850,US,11/26/22,98564574
212851,US,11/27/20,13202222
212852,US,11/27/21,48258460
212853,US,11/27/22,98570524
212854,US,11/28/20,13369711
212855,US,11/28/21,48303583
212856,US,11/28/22,98632854
212857,US,11/29/20,13509384
212858,US,11/29/21,48488733
212859,US,11/29/22,98700309
212860,US,11/3/20,9465330
212861,US,11/3/21,46320009
212862,US,11/3/22,97685617
212863,US,11/30/20,13667915
212864,US,11/30/21,48606339
212865,US,11/30/22,98813321
212866,US,11/4/20,9567399
212867,US,11/4/21,46401241
212868,US,11/4/22,97724326
212869,US,11/5/20,9697431
212870,US,11/5/21,46498331
212871,US,11/5/22,97729627
212872,US,11/6/20,9826558
212873,US,11/6/21,46535625
212874,US,11/6/22,97737758
212875,US,11/7/20,9953780
212876,US,11/7/21,46574617
212877,US,11/7/22,97778436
212878,US,11/8/20,10073148
212879,US,11/8/21,46681947
212880,US,11/8/22,97809892
212881,US,11/9/20,10192673
212882,US,11/9/21,46761945
212883,US,11/9/22,97907217
212884,US,12/1/20,13866746
212885,US,12/1/21,48743340
212886,US,12/1/22,98903928
212887,US,12/10/20,15791625
212888,US,12/10/21,49881735
212889,US,12/10/22,99422186
212890,US,12/11/20,16028527
212891,US,12/11/21,49939477
212892,US,12/11/22,99428500
212893,US,12/12/20,16251283
212894,US,12/12/21,49992874
212895,US,12/12/22,99487847
212896,US,12/13/20,16441925
212897,US,12/13/21,50176127
212898,US,12/13/22,99581078
212899,US,12/14/20,16652286
212900,US,12/14/21,50289477
212901,US,12/14/22,99729246
212902,US,12/15/20,16879507
212903,US,12/15/21,50435092
212904,US,12/15/22,99841367
212905,US,12/16/20,17113650
212906,US,12/16/21,50577283
212907,US,12/16/22,99895955
212908,US,12/17/20,17352824
212909,US,12/17/21,50769791
212910,US,12/17/22,99902767
212911,US,12/18/20,17599264
212912,US,12/18/21,50851472
212913,US,12/18/22,99908625
212914,US,12/19/20,17804289
212915,US,12/19/21,50942391
212916,US,12/19/22,99969013
212917,US,12/2/20,14063762
212918,US,12/2/21,48881253
212919,US,12/2/22,98968313
212920,US,12/20/20,17990458
212921,US,12/20/21,51183554
212922,US,12/20/22,100050937
212923,US,12/21/20,18187883
212924,US,12/21/21,51365828
212925,US,12/21/22,100233060
212926,US,12/22/20,18393673
212927,US,12/22/21,51613682
212928,US,12/22/22,100329204
212929,US,12/23/20,18614460
212930,US,12/23/21,51888071
212931,US,12/23/22,100368433
212932,US,12/24/20,18826055
212933,US,12/24/21,52136339
212934,US,12/24/22,100374955
212935,US,12/25/20,18951579
212936,US,12/25/21,52224654
212937,US,12/25/22,100378169
212938,US,12/26/20,19169547
212939,US,12/26/21,52408175
212940,US,12/26/22,100390601
212941,US,12/27/20,19305730
212942,US,12/27/21,52914246
212943,US,12/27/22,100501536
212944,US,12/28/20,19480363
212945,US,12/28/21,53286705
212946,US,12/28/22,100614880
212947,US,12/29/20,19687204
212948,US,12/29/21,53797725
212949,US,12/29/22,100718983
212950,US,12/3/20,14283185
212951,US,12/3/21,49039251
212952,US,12/3/22,98975438
212953,US,12/30/20,19905952
212954,US,12/30/21,54395674
212955,US,12/30/22,100757380
212956,US,12/31/20,20219878
212957,US,12/31/21,54907717
212958,US,12/31/22,100765333
212959,US,12/4/20,14518319
212960,US,12/4/21,49107059
212961,US,12/4/22,98980990
212962,US,12/5/20,14738242
212963,US,12/5/21,49163621
212964,US,12/5/22,99038798
212965,US,12/6/20,14916373
212966,US,12/6/21,49338540
212967,US,12/6/22,99133789
212968,US,12/7/20,15112614
212969,US,12/7/21,49451008
212970,US,12/7/22,99279229
212971,US,12/8/20,15340113
212972,US,12/8/21,49600386
212973,US,12/8/22,99378455
212974,US,12/9/20,15555848
212975,US,12/9/21,49724320
212976,US,12/9/22,99414998
212977,US,2/1/20,8
212978,US,2/1/21,26482919
212979,US,2/1/22,75570589
212980,US,2/1/23,102479379
212981,US,2/10/20,12
212982,US,2/10/21,27459808
212983,US,2/10/22,77613413
212984,US,2/10/23,102855101
212985,US,2/11/20,13
212986,US,2/11/21,27565960
212987,US,2/11/22,77821582
212988,US,2/11/23,102859510
212989,US,2/12/20,13
212990,US,2/12/21,27665519
212991,US,2/12/22,77874376
212992,US,2/12/23,102862879
212993,US,2/13/20,14
212994,US,2/13/21,27755867
212995,US,2/13/22,77933572
212996,US,2/13/23,102886005
212997,US,2/14/20,14
212998,US,2/14/21,27824057
212999,US,2/14/22,78100771
213000,US,2/14/23,102934224
213001,US,2/15/20,14
213002,US,2/15/21,27880161
213003,US,2/15/22,78211154
213004,US,2/15/23,103023231
213005,US,2/16/20,14
213006,US,2/16/21,27939999
213007,US,2/16/22,78324961
213008,US,2/16/23,103083910
213009,US,2/17/20,14
213010,US,2/17/21,28009004
213011,US,2/17/22,78426229
213012,US,2/17/23,103131898
213013,US,2/18/20,14
213014,US,2/18/21,28081254
213015,US,2/18/22,78570116
213016,US,2/18/23,103134605
213017,US,2/19/20,14
213018,US,2/19/21,28156128
213019,US,2/19/22,78602274
213020,US,2/19/23,103136077
213021,US,2/2/20,8
213022,US,2/2/21,26600309
213023,US,2/2/22,75897686
213024,US,2/2/23,102561054
213025,US,2/20/20,14
213026,US,2/20/21,28229709
213027,US,2/20/22,78625816
213028,US,2/20/23,103138119
213029,US,2/21/20,16
213030,US,2/21/21,28284962
213031,US,2/21/22,78705461
213032,US,2/21/23,103198669
213033,US,2/22/20,16
213034,US,2/22/21,28341018
213035,US,2/22/22,78794643
213036,US,2/22/23,103308832
213037,US,2/23/20,16
213038,US,2/23/21,28414848
213039,US,2/23/22,78878687
213040,US,2/23/23,103365511
213041,US,2/24/20,16
213042,US,2/24/21,28489829
213043,US,2/24/22,78945215
213044,US,2/24/23,103378408
213045,US,2/25/20,16
213046,US,2/25/21,28566889
213047,US,2/25/22,79018857
213048,US,2/25/23,103381157
213049,US,2/26/20,16
213050,US,2/26/21,28641812
213051,US,2/26/22,79066699
213052,US,2/26/23,103382763
213053,US,2/27/20,17
213054,US,2/27/21,28712642
213055,US,2/27/22,79085232
213056,US,2/27/23,103399827
213057,US,2/28/20,17
213058,US,2/28/21,28764298
213059,US,2/28/22,79181996
213060,US,2/28/23,103443455
213061,US,2/29/20,25
213062,US,2/3/20,11
213063,US,2/3/21,26724684
213064,US,2/3/22,76171309
213065,US,2/3/23,102599784
213066,US,2/4/20,11
213067,US,2/4/21,26849337
213068,US,2/4/22,76526048
213069,US,2/4/23,102603942
213070,US,2/5/20,11
213071,US,2/5/21,26979744
213072,US,2/5/22,76614468
213073,US,2/5/23,102606868
213074,US,2/6/20,12
213075,US,2/6/21,27096024
213076,US,2/6/22,76699490
213077,US,2/6/23,102631179
213078,US,2/7/20,12
213079,US,2/7/21,27185193
213080,US,2/7/22,77042080
213081,US,2/7/23,102676694
213082,US,2/8/20,12
213083,US,2/8/21,27268355
213084,US,2/8/22,77255897
213085,US,2/8/23,102760211
213086,US,2/9/20,12
213087,US,2/9/21,27364113
213088,US,2/9/22,77443048
213089,US,2/9/23,102842061
213090,US,3/1/20,32
213091,US,3/1/21,28814420
213092,US,3/1/22,79228450
213093,US,3/1/23,103533872
213094,US,3/10/20,782
213095,US,3/10/21,29336393
213096,US,3/10/22,79581728
213097,US,3/11/20,1147
213098,US,3/11/21,29398148
213099,US,3/11/22,79630488
213100,US,3/12/20,1586
213101,US,3/12/21,29460422
213102,US,3/12/22,79641006
213103,US,3/13/20,2219
213104,US,3/13/21,29516680
213105,US,3/13/22,79652314
213106,US,3/14/20,2978
213107,US,3/14/21,29555246
213108,US,3/14/22,79686584
213109,US,3/15/20,3212
213110,US,3/15/21,29606783
213111,US,3/15/22,79710097
213112,US,3/16/20,4679
213113,US,3/16/21,29661862
213114,US,3/16/22,79761332
213115,US,3/17/20,6512
213116,US,3/17/21,29721741
213117,US,3/17/22,79813357
213118,US,3/18/20,9169
213119,US,3/18/21,29783944
213120,US,3/18/22,79844989
213121,US,3/19/20,13663
213122,US,3/19/21,29844854
213123,US,3/19/22,79856111
213124,US,3/2/20,55
213125,US,3/2/21,28873096
213126,US,3/2/22,79281474
213127,US,3/2/23,103589757
213128,US,3/20/20,20030
213129,US,3/20/21,29903121
213130,US,3/20/22,79867776
213131,US,3/21/20,26025
213132,US,3/21/21,29938533
213133,US,3/21/22,79908821
213134,US,3/22/20,34944
213135,US,3/22/21,29986970
213136,US,3/22/22,79930050
213137,US,3/23/20,46096
213138,US,3/23/21,30039696
213139,US,3/23/22,79969950
213140,US,3/24/20,56714
213141,US,3/24/21,30127521
213142,US,3/24/22,80012001
213143,US,3/25/20,68841
213144,US,3/25/21,30194910
213145,US,3/25/22,80056416
213146,US,3/26/20,86662
213147,US,3/26/21,30271054
213148,US,3/26/22,80066111
213149,US,3/27/20,105253
213150,US,3/27/21,30334846
213151,US,3/27/22,80078147
213152,US,3/28/20,127417
213153,US,3/28/21,30381218
213154,US,3/28/22,80115859
213155,US,3/29/20,143544
213156,US,3/29/21,30447861
213157,US,3/29/22,80138918
213158,US,3/3/20,74
213159,US,3/3/21,28940164
213160,US,3/3/22,79329961
213161,US,3/3/23,103648690
213162,US,3/30/20,165698
213163,US,3/30/21,30510083
213164,US,3/30/22,80177035
213165,US,3/31/20,192079
213166,US,3/31/21,30579485
213167,US,3/31/22,80221585
213168,US,3/4/20,107
213169,US,3/4/21,29008605
213170,US,3/4/22,79380604
213171,US,3/4/23,103650837
213172,US,3/5/20,184
213173,US,3/5/21,29075787
213174,US,3/5/22,79395871
213175,US,3/5/23,103646975
213176,US,3/6/20,237
213177,US,3/6/21,29136550
213178,US,3/6/22,79408495
213179,US,3/6/23,103655539
213180,US,3/7/20,403
213181,US,3/7/21,29178094
213182,US,3/7/22,79469829
213183,US,3/7/23,103690910
213184,US,3/8/20,519
213185,US,3/8/21,29222842
213186,US,3/8/22,79499165
213187,US,3/8/23,103755771
213188,US,3/9/20,594
213189,US,3/9/21,29278673
213190,US,3/9/22,79536060
213191,US,3/9/23,103802702
213192,US,4/1/20,227903
213193,US,4/1/21,30656330
213194,US,4/1/22,80252748
213195,US,4/10/20,516707
213196,US,4/10/21,31274548
213197,US,4/10/22,80518573
213198,US,4/11/20,545693
213199,US,4/11/21,31321879
213200,US,4/11/22,80556687
213201,US,4/12/20,571551
213202,US,4/12/21,31385081
213203,US,4/12/22,80591910
213204,US,4/13/20,598794
213205,US,4/13/21,31465794
213206,US,4/13/22,80647978
213207,US,4/14/20,627306
213208,US,4/14/21,31540756
213209,US,4/14/22,80695831
213210,US,4/15/20,653669
213211,US,4/15/21,31614984
213212,US,4/15/22,80730300
213213,US,4/16/20,683351
213214,US,4/16/21,31697732
213215,US,4/16/22,80743119
213216,US,4/17/20,716508
213217,US,4/17/21,31753116
213218,US,4/17/22,80751042
213219,US,4/18/20,743857
213220,US,4/18/21,31796939
213221,US,4/18/22,80810593
213222,US,4/19/20,768888
213223,US,4/19/21,31856774
213224,US,4/19/22,80849092
213225,US,4/2/20,260183
213226,US,4/2/21,30730194
213227,US,4/2/22,80264828
213228,US,4/20/20,799531
213229,US,4/20/21,31919203
213230,US,4/20/22,80916866
213231,US,4/21/20,825478
213232,US,4/21/21,31983893
213233,US,4/21/22,80977349
213234,US,4/22/20,855445
213235,US,4/22/21,32050106
213236,US,4/22/22,81065925
213237,US,4/23/20,887523
213238,US,4/23/21,32112756
213239,US,4/23/22,81086628
213240,US,4/24/20,919014
213241,US,4/24/21,32167063
213242,US,4/24/22,81100611
213243,US,4/25/20,949640
213244,US,4/25/21,32201471
213245,US,4/25/22,81168415
213246,US,4/26/20,975537
213247,US,4/26/21,32244759
213248,US,4/26/22,81213305
213249,US,4/27/20,1000230
213250,US,4/27/21,32296816
213251,US,4/27/22,81303117
213252,US,4/28/20,1024834
213253,US,4/28/21,32352650
213254,US,4/28/22,81380091
213255,US,4/29/20,1051643
213256,US,4/29/21,32410329
213257,US,4/29/22,81441344
213258,US,4/3/20,292630
213259,US,4/3/21,30794703
213260,US,4/3/22,80269842
213261,US,4/30/20,1081150
213262,US,4/30/21,32468055
213263,US,4/30/22,81466441
213264,US,4/4/20,324340
213265,US,4/4/21,30832570
213266,US,4/4/22,80307960
213267,US,4/5/20,353117
213268,US,4/5/21,30900794
213269,US,4/5/22,80332930
213270,US,4/6/20,385110
213271,US,4/6/21,30964189
213272,US,4/6/22,80372860
213273,US,4/7/20,415256
213274,US,4/7/21,31039928
213275,US,4/7/22,80422532
213276,US,4/8/20,446500
213277,US,4/8/21,31119772
213278,US,4/8/22,80495710
213279,US,4/9/20,482526
213280,US,4/9/21,31204184
213281,US,4/9/22,80508766
213282,US,5/1/20,1115972
213283,US,5/1/21,32516226
213284,US,5/1/22,81483804
213285,US,5/10/20,1337061
213286,US,5/10/21,32865353
213287,US,5/10/22,82192316
213288,US,5/11/20,1356283
213289,US,5/11/21,32900633
213290,US,5/11/22,82353337
213291,US,5/12/20,1379661
213292,US,5/12/21,32936594
213293,US,5/12/22,82458677
213294,US,5/13/20,1399662
213295,US,5/13/21,32974477
213296,US,5/13/22,82545938
213297,US,5/14/20,1425539
213298,US,5/14/21,33016059
213299,US,5/14/22,82564426
213300,US,5/15/20,1449938
213301,US,5/15/21,33046540
213302,US,5/15/22,82597555
213303,US,5/16/20,1473806
213304,US,5/16/21,33064172
213305,US,5/16/22,82774479
213306,US,5/17/20,1492449
213307,US,5/17/21,33089703
213308,US,5/17/22,82859805
213309,US,5/18/20,1514833
213310,US,5/18/21,33118721
213311,US,5/18/22,83063638
213312,US,5/19/20,1535591
213313,US,5/19/21,33147765
213314,US,5/19/22,83199187
213315,US,5/2/20,1142619
213316,US,5/2/21,32546822
213317,US,5/2/22,81577677
213318,US,5/20/20,1558430
213319,US,5/20/21,33177770
213320,US,5/20/22,83347968
213321,US,5/21/20,1583542
213322,US,5/21/21,33206435
213323,US,5/21/22,83376122
213324,US,5/22/20,1607464
213325,US,5/22/21,33227352
213326,US,5/22/22,83389299
213327,US,5/23/20,1627392
213328,US,5/23/21,33241140
213329,US,5/23/22,83538499
213330,US,5/24/20,1647513
213331,US,5/24/21,33263298
213332,US,5/24/22,83622359
213333,US,5/25/20,1666699
213334,US,5/25/21,33287104
213335,US,5/25/22,83833099
213336,US,5/26/20,1685395
213337,US,5/26/21,33311455
213338,US,5/26/22,83968629
213339,US,5/27/20,1704200
213340,US,5/27/21,33338001
213341,US,5/27/22,84076461
213342,US,5/28/20,1725329
213343,US,5/28/21,33359917
213344,US,5/28/22,84090734
213345,US,5/29/20,1750066
213346,US,5/29/21,33372891
213347,US,5/29/22,84097861
213348,US,5/3/20,1166189
213349,US,5/3/21,32592222
213350,US,5/3/22,81627341
213351,US,5/30/20,1772783
213352,US,5/30/21,33380097
213353,US,5/30/22,84160373
213354,US,5/31/20,1791547
213355,US,5/31/21,33386447
213356,US,5/31/22,84327544
213357,US,5/4/20,1190240
213358,US,5/4/21,32634949
213359,US,5/4/22,81739690
213360,US,5/5/20,1214321
213361,US,5/5/21,32680744
213362,US,5/5/22,81827903
213363,US,5/6/20,1238694
213364,US,5/6/21,32726689
213365,US,5/6/22,81956955
213366,US,5/7/20,1266904
213367,US,5/7/21,32774854
213368,US,5/7/22,81986006
213369,US,5/8/20,1294111
213370,US,5/8/21,32809818
213371,US,5/8/22,81992619
213372,US,5/9/20,1318358
213373,US,5/9/21,32832557
213374,US,5/9/22,82121797
213375,US,6/1/20,1809384
213376,US,6/1/21,33407540
213377,US,6/1/22,84556267
213378,US,6/10/20,1999224
213379,US,6/10/21,33540369
213380,US,6/10/22,85563254
213381,US,6/11/20,2021527
213382,US,6/11/21,33564873
213383,US,6/11/22,85598649
213384,US,6/12/20,2047082
213385,US,6/12/21,33573694
213386,US,6/12/22,85616523
213387,US,6/13/20,2071218
213388,US,6/13/21,33578723
213389,US,6/13/22,85768092
213390,US,6/14/20,2090171
213391,US,6/14/21,33590628
213392,US,6/14/22,85858269
213393,US,6/15/20,2111266
213394,US,6/15/21,33601271
213395,US,6/15/22,86043157
213396,US,6/16/20,2135894
213397,US,6/16/21,33613025
213398,US,6/16/22,86173188
213399,US,6/17/20,2162973
213400,US,6/17/21,33624547
213401,US,6/17/22,86312000
213402,US,6/18/20,2191211
213403,US,6/18/21,33645533
213404,US,6/18/22,86329794
213405,US,6/19/20,2222207
213406,US,6/19/21,33654422
213407,US,6/19/22,86347944
213408,US,6/2/20,1829340
213409,US,6/2/21,33424131
213410,US,6/2/22,84678587
213411,US,6/20/20,2254073
213412,US,6/20/21,33659351
213413,US,6/20/22,86443987
213414,US,6/21/20,2279932
213415,US,6/21/21,33670079
213416,US,6/21/22,86555173
213417,US,6/22/20,2309921
213418,US,6/22/21,33680849
213419,US,6/22/22,86740533
213420,US,6/23/20,2348750
213421,US,6/23/21,33693339
213422,US,6/23/22,86879240
213423,US,6/24/20,2385029
213424,US,6/24/21,33707534
213425,US,6/24/22,86996447
213426,US,6/25/20,2424386
213427,US,6/25/21,33732043
213428,US,6/25/22,87037562
213429,US,6/26/20,2473472
213430,US,6/26/21,33741088
213431,US,6/26/22,87060024
213432,US,6/27/20,2514305
213433,US,6/27/21,33745750
213434,US,6/27/22,87219959
213435,US,6/28/20,2557223
213436,US,6/28/21,33759515
213437,US,6/28/22,87317769
213438,US,6/29/20,2598741
213439,US,6/29/21,33767046
213440,US,6/29/22,87507662
213441,US,6/3/20,1848388
213442,US,6/3/21,33442100
213443,US,6/3/22,84835573
213444,US,6/30/20,2648797
213445,US,6/30/21,33782325
213446,US,6/30/22,87675415
213447,US,6/4/20,1876099
213448,US,6/4/21,33459613
213449,US,6/4/22,84863718
213450,US,6/5/20,1902280
213451,US,6/5/21,33474770
213452,US,6/5/22,84880100
213453,US,6/6/20,1922433
213454,US,6/6/21,33480666
213455,US,6/6/22,85039922
213456,US,6/7/20,1940242
213457,US,6/7/21,33494852
213458,US,6/7/22,85126555
213459,US,6/8/20,1957154
213460,US,6/8/21,33507651
213461,US,6/8/22,85325154
213462,US,6/9/20,1977478
213463,US,6/9/21,33525852
213464,US,6/9/22,85457093
213465,US,7/1/20,2698127
213466,US,7/1/21,33797251
213467,US,7/1/22,87832253
213468,US,7/10/20,3194746
213469,US,7/10/21,33966176
213470,US,7/10/22,88610605
213471,US,7/11/20,3255187
213472,US,7/11/21,33977944
213473,US,7/11/22,88811480
213474,US,7/12/20,3315407
213475,US,7/12/21,34007605
213476,US,7/12/22,88959681
213477,US,7/13/20,3375032
213478,US,7/13/21,34034110
213479,US,7/13/22,89163998
213480,US,7/14/20,3440789
213481,US,7/14/21,34065230
213482,US,7/14/22,89339450
213483,US,7/15/20,3507088
213484,US,7/15/21,34097162
213485,US,7/15/22,89492643
213486,US,7/16/20,3577862
213487,US,7/16/21,34175193
213488,US,7/16/22,89532095
213489,US,7/17/20,3644284
213490,US,7/17/21,34189264
213491,US,7/17/22,89561931
213492,US,7/18/20,3708609
213493,US,7/18/21,34209648
213494,US,7/18/22,89726778
213495,US,7/19/20,3767602
213496,US,7/19/21,34258861
213497,US,7/19/22,89843975
213498,US,7/2/20,2753211
213499,US,7/2/21,33826847
213500,US,7/2/22,87852832
213501,US,7/20/20,3828458
213502,US,7/20/21,34298786
213503,US,7/20/22,90060378
213504,US,7/21/20,3896753
213505,US,7/21/21,34346640
213506,US,7/21/22,90236138
213507,US,7/22/20,3964203
213508,US,7/22/21,34403067
213509,US,7/22/22,90367542
213510,US,7/23/20,4031970
213511,US,7/23/21,34523848
213512,US,7/23/22,90394143
213513,US,7/24/20,4106919
213514,US,7/24/21,34553243
213515,US,7/24/22,90417634
213516,US,7/25/20,4170674
213517,US,7/25/21,34581897
213518,US,7/25/22,90607493
213519,US,7/26/20,4226305
213520,US,7/26/21,34660435
213521,US,7/26/22,90739588
213522,US,7/27/20,4286302
213523,US,7/27/21,34725586
213524,US,7/27/22,90979365
213525,US,7/28/20,4350866
213526,US,7/28/21,34799156
213527,US,7/28/22,91156742
213528,US,7/29/20,4414918
213529,US,7/29/21,34871512
213530,US,7/29/22,91315977
213531,US,7/3/20,2804869
213532,US,7/3/21,33832133
213533,US,7/3/22,87861491
213534,US,7/30/20,4484122
213535,US,7/30/21,35062668
213536,US,7/30/22,91332204
213537,US,7/31/20,4548497
213538,US,7/31/21,35107404
213539,US,7/31/22,91345425
213540,US,7/4/20,2850893
213541,US,7/4/21,33836404
213542,US,7/4/22,87937948
213543,US,7/5/20,2904843
213544,US,7/5/21,33845569
213545,US,7/5/22,88079364
213546,US,7/6/20,2948475
213547,US,7/6/21,33868137
213548,US,7/6/22,88279768
213549,US,7/7/20,3005888
213550,US,7/7/21,33888276
213551,US,7/7/22,88418829
213552,US,7/8/20,3066392
213553,US,7/8/21,33909160
213554,US,7/8/22,88556536
213555,US,7/9/20,3126224
213556,US,7/9/21,33956134
213557,US,7/9/22,88585837
213558,US,8/1/20,4605921
213559,US,8/1/21,35152818
213560,US,8/1/22,91515236
213561,US,8/10/20,5100508
213562,US,8/10/21,36198713
213563,US,8/10/22,92579320
213564,US,8/11/20,5157384
213565,US,8/11/21,36353207
213566,US,8/11/22,92742297
213567,US,8/12/20,5212606
213568,US,8/12/21,36497053
213569,US,8/12/22,92838951
213570,US,8/13/20,5264052
213571,US,8/13/21,36723765
213572,US,8/13/22,92922767
213573,US,8/14/20,5334124
213574,US,8/14/21,36798001
213575,US,8/14/22,92932588
213576,US,8/15/20,5386449
213577,US,8/15/21,36845900
213578,US,8/15/22,93055285
213579,US,8/16/20,5421026
213580,US,8/16/21,37039222
213581,US,8/16/22,93147062
213582,US,8/17/20,5459023
213583,US,8/17/21,37190452
213584,US,8/17/22,93283935
213585,US,8/18/20,5503998
213586,US,8/18/21,37357711
213587,US,8/18/22,93433063
213588,US,8/19/20,5549913
213589,US,8/19/21,37513087
213590,US,8/19/22,93510612
213591,US,8/2/20,4652810
213592,US,8/2/21,35260292
213593,US,8/2/22,91606171
213594,US,8/20/20,5595048
213595,US,8/20/21,37752090
213596,US,8/20/22,93521828
213597,US,8/21/20,5642948
213598,US,8/21/21,37845679
213599,US,8/21/22,93531703
213600,US,8/22/20,5688219
213601,US,8/22/21,37891095
213602,US,8/22/22,93660652
213603,US,8/23/20,5720122
213604,US,8/23/21,38097261
213605,US,8/23/22,93759938
213606,US,8/24/20,5754213
213607,US,8/24/21,38252484
213608,US,8/24/22,93911627
213609,US,8/25/20,5796775
213610,US,8/25/21,38431638
213611,US,8/25/22,94051288
213612,US,8/26/20,5838967
213613,US,8/26/21,38615429
213614,US,8/26/22,94172008
213615,US,8/27/20,5889404
213616,US,8/27/21,38853774
213617,US,8/27/22,94183881
213618,US,8/28/20,5935724
213619,US,8/28/21,38933859
213620,US,8/28/22,94192404
213621,US,8/29/20,5978795
213622,US,8/29/21,38987089
213623,US,8/29/22,94298521
213624,US,8/3/20,4694706
213625,US,8/3/21,35358371
213626,US,8/3/22,91806570
213627,US,8/30/20,6012963
213628,US,8/30/21,39215007
213629,US,8/30/22,94374035
213630,US,8/31/20,6046489
213631,US,8/31/21,39395088
213632,US,8/31/22,94528255
213633,US,8/4/20,4756327
213634,US,8/4/21,35460776
213635,US,8/4/22,91993893
213636,US,8/5/20,4810464
213637,US,8/5/21,35570380
213638,US,8/5/22,92100011
213639,US,8/6/20,4870500
213640,US,8/6/21,35822339
213641,US,8/6/22,92115152
213642,US,8/7/20,4930941
213643,US,8/7/21,35886266
213644,US,8/7/22,92127889
213645,US,8/8/20,4994708
213646,US,8/8/21,35922000
213647,US,8/8/22,92283082
213648,US,8/9/20,5048871
213649,US,8/9/21,36080392
213650,US,8/9/22,92382841
213651,US,9/1/20,6088458
213652,US,9/1/21,39585475
213653,US,9/1/22,94659072
213654,US,9/10/20,6420040
213655,US,9/10/21,41038024
213656,US,9/10/22,95230918
213657,US,9/11/20,6464865
213658,US,9/11/21,41128599
213659,US,9/11/22,95239962
213660,US,9/12/20,6510480
213661,US,9/12/21,41178219
213662,US,9/12/22,95309350
213663,US,9/13/20,6550788
213664,US,9/13/21,41385902
213665,US,9/13/22,95389023
213666,US,9/14/20,6583689
213667,US,9/14/21,41531511
213668,US,9/14/22,95492224
213669,US,9/15/20,6621128
213670,US,9/15/21,41704724
213671,US,9/15/22,95575861
213672,US,9/16/20,6659477
213673,US,9/16/21,41863377
213674,US,9/16/22,95632097
213675,US,9/17/20,6704918
213676,US,9/17/21,42074007
213677,US,9/17/22,95640668
213678,US,9/18/20,6755145
213679,US,9/18/21,42150320
213680,US,9/18/22,95646159
213681,US,9/19/20,6800800
213682,US,9/19/21,42196351
213683,US,9/19/22,95701850
213684,US,9/2/20,6128576
213685,US,9/2/21,39764655
213686,US,9/2/22,94723711
213687,US,9/20/20,6842405
213688,US,9/20/21,42365732
213689,US,9/20/22,95771112
213690,US,9/21/20,6874665
213691,US,9/21/21,42487611
213692,US,9/21/22,95869476
213693,US,9/22/20,6912973
213694,US,9/22/21,42619242
213695,US,9/22/22,95950546
213696,US,9/23/20,6954203
213697,US,9/23/21,42748318
213698,US,9/23/22,96033830
213699,US,9/24/20,7003200
213700,US,9/24/21,42922887
213701,US,9/24/22,96043588
213702,US,9/25/20,7050826
213703,US,9/25/21,42984802
213704,US,9/25/22,96050333
213705,US,9/26/20,7094716
213706,US,9/26/21,43040459
213707,US,9/26/22,96095885
213708,US,9/27/20,7128423
213709,US,9/27/21,43194360
213710,US,9/27/22,96156934
213711,US,9/28/20,7164994
213712,US,9/28/21,43307569
213713,US,9/28/22,96243479
213714,US,9/29/20,7207284
213715,US,9/29/21,43429449
213716,US,9/29/22,96328015
213717,US,9/3/20,6173787
213718,US,9/3/21,39999770
213719,US,9/3/22,94735199
213720,US,9/30/20,7246200
213721,US,9/30/21,43539596
213722,US,9/30/22,96361580
213723,US,9/4/20,6222446
213724,US,9/4/21,40087140
213725,US,9/4/22,94742681
213726,US,9/5/20,6265684
213727,US,9/5/21,40151883
213728,US,9/5/22,94776356
213729,US,9/6/20,6294762
213730,US,9/6/21,40241920
213731,US,9/6/22,94888803
213732,US,9/7/20,6319464
213733,US,9/7/21,40452004
213734,US,9/7/22,95012774
213735,US,9/8/20,6346567
213736,US,9/8/21,40629628
213737,US,9/8/22,95119998
213738,US,9/9/20,6380418
213739,US,9/9/21,40796334
213740,US,9/9/22,95220758
